Episode,Steps Done,Epsilon,Instant Reward,Cummulative Reward
0,33,8,"550,456600533411","550,456600533411"
1,95,8,"-4217,79855532866","-3667,34195479525"
2,299,8,"-200198,100837663","-203865,442792459"
3,275,8,"-236137,763084417","-440003,205876876"
4,130,8,"-63547,0394512592","-503550,245328135"
5,232,8,"-88007,9712992567","-591558,216627391"
6,299,8,"-56693,6641918075","-648251,880819199"
7,185,8,"-156321,596666341","-804573,47748554"
8,299,8,"-199065,887018275","-1003639,36450381"
9,41,8,"-15189,27386742","-1018828,63837123"
10,19,8,"-31574,1353387466","-1050402,77370998"
11,295,8,"-231289,96082531","-1281692,73453529"
12,191,8,"720,165392765983","-1280972,56914253"
13,235,8,"-174715,010701249","-1455687,57984377"
14,264,8,"-235736,112604405","-1691423,69244818"
15,299,8,"-231026,348067494","-1922450,04051567"
16,86,8,"-83151,1171113656","-2005601,15762704"
17,299,8,"22915,2318293921","-1982685,92579765"
18,299,8,"5613,34886102485","-1977072,57693662"
19,299,8,"19794,8712505341","-1957277,70568609"
20,122,8,"-41317,080718384","-1998594,78640447"
21,258,8,"11284,6043899848","-1987310,18201449"
22,83,8,"-12919,5899251861","-2000229,77193967"
23,299,8,"-59955,3582765814","-2060185,13021625"
24,130,8,"13549,4895850066","-2046635,64063125"
25,299,8,"21738,6388481455","-2024897,0017831"
26,112,8,"-10622,2582388709","-2035519,26002197"
27,269,8,"-30298,7044345184","-2065817,96445649"
28,50,8,"-2221,51719251667","-2068039,48164901"
29,88,8,"-9376,08051250665","-2077415,56216151"
30,283,8,"-21421,4258653536","-2098836,98802687"
31,151,8,"-13915,9621743465","-2112752,95020121"
32,99,8,"1364,37367210617","-2111388,57652911"
33,299,8,"17526,9118230758","-2093861,66470603"
34,299,8,"-68960,9517395246","-2162822,61644556"
35,299,8,"-14620,7197139743","-2177443,33615953"
36,111,8,"3883,53042634414","-2173559,80573319"
37,51,8,"6737,11972088628","-2166822,6860123"
38,145,8,"-74754,2409344779","-2241576,92694678"
39,201,8,"-10758,1289025239","-2252335,0558493"
40,98,8,"-4850,71993892235","-2257185,77578822"
41,299,8,"-20374,3432353849","-2277560,11902361"
42,214,8,"6858,45998880648","-2270701,6590348"
43,18,8,"3212,20304473207","-2267489,45599007"
44,266,8,"-27624,8328651709","-2295114,28885524"
45,299,8,"2347,12805415342","-2292767,16080109"
46,208,8,"-13400,602849564","-2306167,76365065"
47,120,8,"-65102,7941025872","-2371270,55775324"
48,49,8,"-26167,7804163078","-2397438,33816955"
49,21,8,"3662,04257548894","-2393776,29559406"
50,73,8,"8402,93046321989","-2385373,36513084"
51,194,"7,6","4862,106290334","-2380511,2588405"
52,299,"7,6","21712,8169860202","-2358798,44185448"
53,272,"7,6","-8204,62477551752","-2367003,06663"
54,299,"7,6","25891,4728515606","-2341111,59377844"
55,150,"7,6","2881,48659546366","-2338230,10718298"
56,299,"7,6","22529,8449605136","-2315700,26222247"
57,93,"7,6","9237,06879282288","-2306463,19342964"
58,299,"7,6","17234,178000076","-2289229,01542957"
59,92,"7,6","-781,295620176332","-2290010,31104974"
60,299,"7,6","27659,840527274","-2262350,47052247"
61,74,"7,6","-25457,4792135708","-2287807,94973604"
62,294,"7,6","7227,34301098604","-2280580,60672505"
63,77,"7,6","-3014,14762578201","-2283594,75435084"
64,202,"7,6","-13864,7831985016","-2297459,53754934"
65,138,"7,6","-22203,254413722","-2319662,79196306"
66,52,"7,6","6158,9928452652","-2313503,79911779"
67,115,"7,6","4993,47082019021","-2308510,3282976"
68,76,"7,6","-7009,3304371791","-2315519,65873478"
69,147,"7,6","-7873,11759753981","-2323392,77633232"
70,59,"7,6","-4951,22914783933","-2328344,00548016"
71,33,"7,6","4202,63216968434","-2324141,37331048"
72,225,"7,6","-4669,9445295537","-2328811,31784003"
73,299,"7,6","14203,7016719102","-2314607,61616812"
74,299,"7,6","-7892,85045021403","-2322500,46661833"
75,299,"7,6","10955,2455806676","-2311545,22103767"
76,290,"7,6","-16894,1036191343","-2328439,3246568"
77,120,"7,6","8372,05956055841","-2320067,26509624"
78,97,"7,6","-3732,49788727515","-2323799,76298352"
79,151,"7,6","-19730,8221264442","-2343530,58510996"
80,50,"7,6","-6389,31906112811","-2349919,90417109"
81,48,"7,6","-5339,88335195402","-2355259,78752305"
82,95,"7,6","-33396,1556656262","-2388655,94318867"
83,299,"7,6","-5783,52317934407","-2394439,46636802"
84,240,"7,6","7762,88573412431","-2386676,58063389"
85,299,"7,6","27184,6966408141","-2359491,88399308"
86,16,"7,6","3007,67793320236","-2356484,20605987"
87,69,"7,6","7416,38324775638","-2349067,82281212"
88,299,"7,6","291,360247417932","-2348776,4625647"
89,299,"7,6","23690,780864307","-2325085,68170039"
90,299,"7,6","26952,9597625979","-2298132,7219378"
91,105,"7,6","-10901,9653781675","-2309034,68731596"
92,232,"7,6","-18983,2334822596","-2328017,92079822"
93,44,"7,6","5285,0964981105","-2322732,82430011"
94,29,"7,6","4124,41303436882","-2318608,41126574"
95,299,"7,6","-12957,6017871078","-2331566,01305285"
96,299,"7,6","16730,3827874018","-2314835,63026545"
97,110,"7,6","-16007,2877940345","-2330842,91805948"
98,113,"7,6","-1702,62659810704","-2332545,54465759"
99,299,"7,6","11341,234718208","-2321204,30993938"
100,299,"7,6","20589,9408157954","-2300614,36912359"
101,49,"7,22","6272,64285907862","-2294341,72626451"
102,232,"7,22","14078,9118775958","-2280262,81438691"
103,51,"7,22","5971,90806440647","-2274290,90632251"
104,165,"7,22","-18456,1134763904","-2292747,0197989"
105,86,"7,22","8960,71595550219","-2283786,30384339"
106,13,"7,22","1532,06068678053","-2282254,24315661"
107,299,"7,22","23588,3999808284","-2258665,84317579"
108,32,"7,22","4530,50106024252","-2254135,34211554"
109,18,"7,22","2990,54358277204","-2251144,79853277"
110,163,"7,22","-3066,37800613234","-2254211,1765389"
111,179,"7,22","4597,4520873569","-2249613,72445155"
112,15,"7,22","-17082,0974405084","-2266695,82189206"
113,72,"7,22","3526,43434312644","-2263169,38754893"
114,189,"7,22","-632,550191845939","-2263801,93774077"
115,258,"7,22","2855,23825247035","-2260946,6994883"
116,18,"7,22","3247,4877535175","-2257699,21173479"
117,48,"7,22","-20894,3687892907","-2278593,58052408"
118,299,"7,22","24091,4660667758","-2254502,1144573"
119,69,"7,22","3506,03146781022","-2250996,08298949"
120,17,"7,22","3088,05528929395","-2247908,0277002"
121,299,"7,22","-26818,0529149647","-2274726,08061516"
122,299,"7,22","19823,0853576887","-2254902,99525747"
123,299,"7,22","-27322,250911362","-2282225,24616883"
124,299,"7,22","15411,441872536","-2266813,8042963"
125,299,"7,22","22651,4657072246","-2244162,33858907"
126,281,"7,22","27016,0336297315","-2217146,30495934"
127,31,"7,22","4032,34039141377","-2213113,96456793"
128,82,"7,22","7930,2898809047","-2205183,67468702"
129,98,"7,22","-2918,87865851173","-2208102,55334554"
130,99,"7,22","-7752,54228462543","-2215855,09563016"
131,223,"7,22","18249,1602852051","-2197605,93534496"
132,290,"7,22","19140,5580040767","-2178465,37734088"
133,8,"7,22","2169,09140697394","-2176296,28593391"
134,81,"7,22","6512,74595595573","-2169783,53997795"
135,27,"7,22","-1942,8531132565","-2171726,39309121"
136,12,"7,22","-23623,0775595148","-2195349,47065072"
137,299,"7,22","9499,2739462156","-2185850,19670451"
138,82,"7,22","-2658,85914126311","-2188509,05584577"
139,36,"7,22","-8678,35446989025","-2197187,41031566"
140,299,"7,22","19611,410780711","-2177575,99953495"
141,172,"7,22","7448,92912004479","-2170127,0704149"
142,282,"7,22","-21869,4895123697","-2191996,55992727"
143,44,"7,22","4133,80936354474","-2187862,75056373"
144,26,"7,22","418,835615360191","-2187443,91494837"
145,113,"7,22","-10037,4562496966","-2197481,37119806"
146,34,"7,22","1053,65432919676","-2196427,71686887"
147,43,"7,22","3108,03437726633","-2193319,6824916"
148,299,"7,22","18491,6566034096","-2174828,02588819"
149,19,"7,22","3276,53305853887","-2171551,49282965"
150,233,"7,22","15663,7331973929","-2155887,75963226"
151,62,"6,859","7097,21118889522","-2148790,54844336"
152,119,"6,859","11818,6524565727","-2136971,89598679"
153,109,"6,859","8320,26288997579","-2128651,63309682"
154,299,"6,859","15564,320635691","-2113087,31246113"
155,35,"6,859","4478,15120215491","-2108609,16125897"
156,231,"6,859","12121,081444119","-2096488,07981485"
157,272,"6,859","-12215,8565821601","-2108703,93639701"
158,244,"6,859","8120,93741149709","-2100582,99898552"
159,78,"6,859","8537,94875655617","-2092045,05022896"
160,222,"6,859","-3811,4129511347","-2095856,46318009"
161,235,"6,859","8725,57482140107","-2087130,88835869"
162,126,"6,859","12757,3076567165","-2074373,58070198"
163,236,"6,859","11597,4203697993","-2062776,16033218"
164,160,"6,859","15174,1894030224","-2047601,97092915"
165,121,"6,859","-4064,93238048747","-2051666,90330964"
166,299,"6,859","21806,4755762907","-2029860,42773335"
167,95,"6,859","10089,2031266801","-2019771,22460667"
168,71,"6,859","8583,34261039011","-2011187,88199628"
169,67,"6,859","7114,85399824042","-2004073,02799804"
170,299,"6,859","-22912,6064679545","-2026985,63446599"
171,84,"6,859","9347,30301888291","-2017638,33144711"
172,172,"6,859","12010,5483716754","-2005627,78307544"
173,123,"6,859","-5696,22239961014","-2011324,00547505"
174,130,"6,859","1873,02627639233","-2009450,97919865"
175,12,"6,859","2634,30040099436","-2006816,67879766"
176,299,"6,859","22758,5720949754","-1984058,10670268"
177,93,"6,859","10640,6274313705","-1973417,47927131"
178,21,"6,859","3457,62556484769","-1969959,85370647"
179,28,"6,859","3940,37375459346","-1966019,47995187"
180,196,"6,859","5742,85331735129","-1960276,62663452"
181,259,"6,859","21430,1286642353","-1938846,49797029"
182,42,"6,859","-15092,6595790703","-1953939,15754936"
183,151,"6,859","15825,1785058513","-1938113,97904351"
184,299,"6,859","15299,8783743701","-1922814,10066914"
185,205,"6,859","18688,3182713345","-1904125,7823978"
186,97,"6,859","1179,20436962609","-1902946,57802818"
187,299,"6,859","24913,484100263","-1878033,09392791"
188,104,"6,859","10264,7461119327","-1867768,34781598"
189,82,"6,859","6519,63516934918","-1861248,71264663"
190,168,"6,859","11120,9580467841","-1850127,75459985"
191,158,"6,859","17963,9437664968","-1832163,81083335"
192,299,"6,859","26010,4671908759","-1806153,34364247"
193,36,"6,859","3234,14293728586","-1802919,20070519"
194,209,"6,859","7992,6273064079","-1794926,57339878"
195,92,"6,859","-2278,87674753158","-1797205,45014631"
196,169,"6,859","-4467,02738133559","-1801672,47752765"
197,255,"6,859","21480,9619569429","-1780191,5155707"
198,66,"6,859","-1524,25464172272","-1781715,77021243"
199,130,"6,859","-24854,4224339506","-1806570,19264638"
200,206,"6,859","5036,05955411055","-1801534,13309227"
201,299,"6,51605","7752,88078561193","-1793781,25230666"
202,299,"6,51605","23459,4879966692","-1770321,76430999"
203,26,"6,51605","3970,32499845914","-1766351,43931153"
204,62,"6,51605","7398,35762225059","-1758953,08168928"
205,183,"6,51605","6896,72313849584","-1752056,35855078"
206,51,"6,51605","-5732,87938900865","-1757789,23793979"
207,39,"6,51605","5105,29544986644","-1752683,94248992"
208,110,"6,51605","12094,0936836452","-1740589,84880628"
209,299,"6,51605","26826,7205994506","-1713763,12820683"
210,299,"6,51605","28611,9998837716","-1685151,12832306"
211,78,"6,51605","4348,45108875667","-1680802,6772343"
212,169,"6,51605","14890,9995373023","-1665911,677697"
213,189,"6,51605","-5117,22828402783","-1671028,90598102"
214,140,"6,51605","9387,09387794465","-1661641,81210308"
215,299,"6,51605","21628,4090705681","-1640013,40303251"
216,252,"6,51605","21376,2039280433","-1618637,19910447"
217,299,"6,51605","26168,1980813201","-1592469,00102315"
218,299,"6,51605","13266,851383721","-1579202,14963943"
219,299,"6,51605","17664,9639286868","-1561537,18571074"
220,92,"6,51605","5316,99172757179","-1556220,19398317"
221,60,"6,51605","7009,87677152222","-1549210,31721165"
222,79,"6,51605","6741,49600282836","-1542468,82120882"
223,299,"6,51605","-19824,7623128927","-1562293,58352171"
224,68,"6,51605","7976,5247003152","-1554317,0588214"
225,244,"6,51605","13561,7282461686","-1540755,33057523"
226,39,"6,51605","5509,17150627183","-1535246,15906895"
227,299,"6,51605","23681,8628369084","-1511564,29623205"
228,26,"6,51605","3987,6270252472","-1507576,6692068"
229,244,"6,51605","23788,5467243923","-1483788,12248241"
230,63,"6,51605","-4909,48034248824","-1488697,6028249"
231,63,"6,51605","7724,87912960264","-1480972,72369529"
232,299,"6,51605","27732,7158762186","-1453240,00781907"
233,299,"6,51605","27786,8230635461","-1425453,18475553"
234,299,"6,51605","17595,4586253786","-1407857,72613015"
235,239,"6,51605","23197,6406676992","-1384660,08546245"
236,299,"6,51605","24927,5662924629","-1359732,51916999"
237,69,"6,51605","7133,84331359904","-1352598,67585639"
238,55,"6,51605","4273,23195140175","-1348325,44390499"
239,46,"6,51605","5007,8085993123","-1343317,63530567"
240,201,"6,51605","11674,3900366291","-1331643,24526905"
241,130,"6,51605","14957,1628302797","-1316686,08243877"
242,299,"6,51605","21355,0687866114","-1295331,01365215"
243,132,"6,51605","2238,21145202497","-1293092,80220013"
244,299,"6,51605","17034,0018646817","-1276058,80033545"
245,299,"6,51605","30144,802310333","-1245913,99802511"
246,299,"6,51605","10749,1306116701","-1235164,86741344"
247,299,"6,51605","4858,64943275784","-1230306,21798069"
248,234,"6,51605","8592,95714964381","-1221713,26083104"
249,209,"6,51605","7444,0219815663","-1214269,23884948"
250,15,"6,51605","2949,33101548731","-1211319,90783399"
251,51,"6,1902475","6051,87228649793","-1205268,03554749"
252,80,"6,1902475","-3944,00839004373","-1209212,04393753"
253,239,"6,1902475","12354,9588989763","-1196857,08503856"
254,134,"6,1902475","11172,9890537262","-1185684,09598483"
255,114,"6,1902475","11436,3933542092","-1174247,70263062"
256,52,"6,1902475","6212,57299264538","-1168035,12963798"
257,277,"6,1902475","18056,6528604408","-1149978,47677754"
258,227,"6,1902475","7538,49159892864","-1142439,98517861"
259,299,"6,1902475","29144,6418853037","-1113295,3432933"
260,93,"6,1902475","9193,54467041406","-1104101,79862289"
261,145,"6,1902475","-1581,83237054729","-1105683,63099344"
262,299,"6,1902475","23136,7532276891","-1082546,87776575"
263,102,"6,1902475","9430,01685017902","-1073116,86091557"
264,110,"6,1902475","11828,2153520578","-1061288,64556351"
265,299,"6,1902475","14104,6037344298","-1047184,04182908"
266,299,"6,1902475","16715,2386392899","-1030468,80318979"
267,299,"6,1902475","23610,3761866349","-1006858,42700316"
268,197,"6,1902475","7214,76395103684","-999643,663052121"
269,299,"6,1902475","26839,9765457884","-972803,686506332"
270,143,"6,1902475","-26761,353725625","-999565,040231957"
271,113,"6,1902475","5899,97990498267","-993665,060326975"
272,114,"6,1902475","-6403,84199542086","-1000068,9023224"
273,299,"6,1902475","28681,883017436","-971387,019304959"
274,131,"6,1902475","-3236,70995673597","-974623,729261695"
275,60,"6,1902475","-1213,66309511838","-975837,392356814"
276,299,"6,1902475","-3212,38953848276","-979049,781895296"
277,73,"6,1902475","7141,23364588613","-971908,54824941"
278,299,"6,1902475","18426,2875024957","-953482,260746915"
279,127,"6,1902475","-43800,0230937472","-997282,283840662"
280,124,"6,1902475","11560,7019044405","-985721,581936221"
281,299,"6,1902475","23377,2721673892","-962344,309768832"
282,299,"6,1902475","18162,3227064654","-944181,987062367"
283,170,"6,1902475","-2696,76621904651","-946878,753281413"
284,299,"6,1902475","17834,349406956","-929044,403874457"
285,83,"6,1902475","8324,80320049356","-920719,600673964"
286,229,"6,1902475","20990,1409523622","-899729,459721601"
287,80,"6,1902475","-41474,0085398066","-941203,468261408"
288,65,"6,1902475","7145,4628197405","-934058,005441668"
289,299,"6,1902475","6158,72360194202","-927899,281839725"
290,13,"6,1902475","2753,69587445598","-925145,585965269"
291,0,"6,1902475",-10000,"-935145,58596527"
292,58,"6,1902475","6480,59056640714","-928664,995398862"
293,172,"6,1902475","-267,809821098899","-928932,805219961"
294,0,"6,1902475",-10000,"-938932,805219961"
295,299,"6,1902475","-34098,1821002718","-973030,987320233"
296,82,"6,1902475","6032,51974172003","-966998,467578513"
297,299,"6,1902475","8768,22254255373","-958230,245035959"
298,155,"6,1902475","4214,85717430243","-954015,387861657"
299,206,"6,1902475","17272,8132452803","-936742,574616377"
300,79,"6,1902475","-1905,50937644387","-938648,08399282"
301,299,"5,880735125","21797,0633802592","-916851,020612561"
302,99,"5,880735125","8004,65136049333","-908846,369252068"
303,156,"5,880735125","1703,80105254166","-907142,568199526"
304,245,"5,880735125","6017,87993570095","-901124,688263825"
305,104,"5,880735125","5611,47714297378","-895513,211120852"
306,117,"5,880735125","1330,37072824138","-894182,84039261"
307,79,"5,880735125","9138,50723040713","-885044,333162203"
308,153,"5,880735125","4545,35371886646","-880498,979443336"
309,28,"5,880735125","2807,01187323777","-877691,967570099"
310,65,"5,880735125","-8047,93381213563","-885739,901382234"
311,58,"5,880735125","6547,30096675948","-879192,600415475"
312,163,"5,880735125","3406,04099040668","-875786,559425068"
313,299,"5,880735125","18705,0412716123","-857081,518153456"
314,299,"5,880735125","28105,5397205702","-828975,978432886"
315,299,"5,880735125","3333,19392672776","-825642,784506158"
316,299,"5,880735125","28487,7924451404","-797154,992061018"
317,240,"5,880735125","13322,3084901117","-783832,683570906"
318,230,"5,880735125","21327,7884385163","-762504,89513239"
319,299,"5,880735125","25856,075079519","-736648,82005287"
320,299,"5,880735125","23689,8140721892","-712959,005980681"
321,85,"5,880735125","9189,33493027135","-703769,67105041"
322,187,"5,880735125","17556,4123725946","-686213,258677815"
323,168,"5,880735125","6491,04753143879","-679722,211146377"
324,299,"5,880735125","-828,256700896607","-680550,467847273"
325,299,"5,880735125","11569,3995124479","-668981,068334825"
326,299,"5,880735125","5457,65460020361","-663523,413734622"
327,260,"5,880735125","19801,1084636981","-643722,305270924"
328,299,"5,880735125","22105,0503883157","-621617,254882608"
329,299,"5,880735125","21443,3739704698","-600173,880912138"
330,45,"5,880735125","5259,07963644831","-594914,80127569"
331,228,"5,880735125","5903,15685215632","-589011,644423534"
332,138,"5,880735125","2287,85457639909","-586723,789847135"
333,299,"5,880735125","22589,7313621408","-564134,058484994"
334,75,"5,880735125","6329,91263833088","-557804,145846663"
335,299,"5,880735125","25736,1279680703","-532068,017878593"
336,282,"5,880735125","22361,0279946758","-509706,989883917"
337,299,"5,880735125","17471,1658700646","-492235,824013852"
338,173,"5,880735125","3809,2684970403","-488426,555516812"
339,299,"5,880735125","14794,8754849662","-473631,680031846"
340,43,"5,880735125","-6585,34981697051","-480217,029848816"
341,239,"5,880735125","20791,3261578936","-459425,703690923"
342,19,"5,880735125","3230,26201999603","-456195,441670926"
343,52,"5,880735125","6388,88220077515","-449806,559470151"
344,299,"5,880735125","18472,2964887994","-431334,262981352"
345,246,"5,880735125","-3426,6791536809","-434760,942135033"
346,147,"5,880735125","11758,9261624432","-423002,01597259"
347,299,"5,880735125","2352,20232686018","-420649,81364573"
348,299,"5,880735125","21739,3806181283","-398910,433027601"
349,299,"5,880735125","22559,7988629782","-376350,634164623"
350,299,"5,880735125","23404,0327423007","-352946,601422322"
351,299,"5,58669836875","20820,4618619246","-332126,139560398"
352,299,"5,58669836875","19080,4494095143","-313045,690150884"
353,299,"5,58669836875","18439,4129624301","-294606,277188453"
354,299,"5,58669836875","24597,0768177397","-270009,200370714"
355,299,"5,58669836875","27597,2930123632","-242411,907358351"
356,210,"5,58669836875","18324,4853279332","-224087,422030417"
357,299,"5,58669836875","7117,10278145022","-216970,319248967"
358,212,"5,58669836875","15474,5731727156","-201495,746076252"
359,255,"5,58669836875","14895,8464541311","-186599,89962212"
360,57,"5,58669836875","6539,92111513862","-180059,978506982"
361,67,"5,58669836875","7217,15840943127","-172842,820097551"
362,68,"5,58669836875","7433,31271813788","-165409,507379413"
363,299,"5,58669836875","15530,1451121215","-149879,362267291"
364,118,"5,58669836875","-2430,20532174982","-152309,567589041"
365,149,"5,58669836875","12727,0789113896","-139582,488677651"
366,299,"5,58669836875","11888,9250105214","-127693,56366713"
367,209,"5,58669836875","4285,81627940839","-123407,747387722"
368,299,"5,58669836875","17529,7177617729","-105878,029625949"
369,299,"5,58669836875","27423,7490916673","-78454,2805342814"
370,264,"5,58669836875","4173,70844042331","-74280,5720938581"
371,231,"5,58669836875","18649,6070288305","-55630,9650650276"
372,299,"5,58669836875","23264,1527217411","-32366,8123432865"
373,299,"5,58669836875","24230,9018838089","-8135,91045947759"
374,299,"5,58669836875","10142,7231689091","2006,81270943153"
375,54,"5,58669836875","5423,38176110457","7430,19447053609"
376,0,"5,58669836875",-10000,"-2569,80552946391"
377,253,"5,58669836875","5125,46072126778","2555,65519180387"
378,0,"5,58669836875",-10000,"-7444,34480819613"
379,153,"5,58669836875","-5158,82517137447","-12603,1699795706"
380,126,"5,58669836875","12328,4513327603","-274,71864681033"
381,299,"5,58669836875","21819,016712238","21544,2980654277"
382,299,"5,58669836875","19677,349390915","41221,6474563427"
383,299,"5,58669836875","18654,4553329073","59876,10278925"
384,299,"5,58669836875","6131,91041034749","66008,0131995975"
385,143,"5,58669836875","13446,0379512688","79454,0511508663"
386,299,"5,58669836875","20534,3580206328","99988,4091714991"
387,231,"5,58669836875","-8800,53219391425","91187,8769775848"
388,299,"5,58669836875","17288,2804073123","108476,157384897"
389,299,"5,58669836875","24953,6619381568","133429,819323054"
390,176,"5,58669836875","2207,84456617649","135637,66388923"
391,107,"5,58669836875","-2834,74551226476","132802,918376966"
392,299,"5,58669836875","6483,76955715465","139286,68793412"
393,57,"5,58669836875","-5485,34236465755","133801,345569463"
394,299,"5,58669836875","-3725,17391979505","130076,171649668"
395,299,"5,58669836875","27004,1492861926","157080,32093586"
396,299,"5,58669836875","22939,0667484832","180019,387684344"
397,299,"5,58669836875","27970,6373271433","207990,025011487"
398,299,"5,58669836875","8337,31388545667","216327,338896944"
399,146,"5,58669836875","-156,789653989608","216170,549242954"
400,299,"5,58669836875","18246,6472216375","234417,196464591"
401,299,"5,3073634503125","22911,5699467794","257328,766411371"
402,6,"5,3073634503125","2199,89940204097","259528,665813412"
403,204,"5,3073634503125","15844,4948607963","275373,160674208"
404,17,"5,3073634503125","3026,11345674141","278399,274130949"
405,132,"5,3073634503125","14077,4454605154","292476,719591465"
406,251,"5,3073634503125","22388,4046231719","314865,124214637"
407,1,"5,3073634503125","1626,59060017856","316491,714814815"
408,299,"5,3073634503125","21136,6561597236","337628,370974539"
409,205,"5,3073634503125","18335,1757352511","355963,54670979"
410,20,"5,3073634503125","3577,49568844819","359541,042398238"
411,102,"5,3073634503125","6900,34967158661","366441,392069825"
412,8,"5,3073634503125","2418,47560489939","368859,867674724"
413,98,"5,3073634503125","-421,637454593669","368438,230220131"
414,27,"5,3073634503125","3976,74036671584","372414,970586846"
415,299,"5,3073634503125","26309,0010307487","398723,971617595"
416,299,"5,3073634503125","30783,1115658522","429507,083183447"
417,299,"5,3073634503125","26617,9295560643","456125,012739512"
418,290,"5,3073634503125","16128,0047179904","472253,017457502"
419,20,"5,3073634503125","3592,17282724015","475845,190284742"
420,92,"5,3073634503125","-5080,71559996207","470764,47468478"
421,2,"5,3073634503125","1708,70776487203","472473,182449652"
422,5,"5,3073634503125","2007,27935855809","474480,46180821"
423,3,"5,3073634503125","1827,73689996956","476308,19870818"
424,299,"5,3073634503125","15430,6594491022","491738,858157282"
425,50,"5,3073634503125","-4543,97946965475","487194,878687627"
426,41,"5,3073634503125","5576,73260475682","492771,611292384"
427,299,"5,3073634503125","17384,783451181","510156,394743565"
428,69,"5,3073634503125","6717,95985044847","516874,354594014"
429,157,"5,3073634503125","5632,49233410897","522506,846928123"
430,66,"5,3073634503125","7654,88685353266","530161,733781655"
431,299,"5,3073634503125","27752,1781651556","557913,911946811"
432,299,"5,3073634503125","31847,2895596898","589761,201506501"
433,299,"5,3073634503125","24501,9572975833","614263,158804084"
434,299,"5,3073634503125","23062,4157240194","637325,574528103"
435,299,"5,3073634503125","28552,7123328603","665878,286860964"
436,10,"5,3073634503125","2639,08717368864","668517,374034652"
437,138,"5,3073634503125","14763,1880239439","683280,562058596"
438,299,"5,3073634503125","18231,78767621","701512,349734806"
439,39,"5,3073634503125","5420,44969810295","706932,799432909"
440,18,"5,3073634503125","3442,05707442202","710374,856507331"
441,299,"5,3073634503125","18587,8597243745","728962,716231706"
442,299,"5,3073634503125","23877,6726788791","752840,388910585"
443,5,"5,3073634503125","2044,32593510511","754884,71484569"
444,12,"5,3073634503125","2743,32131028151","757628,036155972"
445,109,"5,3073634503125","11616,9775052407","769245,013661212"
446,4,"5,3073634503125","1919,52073778486","771164,534398997"
447,10,"5,3073634503125","2568,72156497728","773733,255963975"
448,299,"5,3073634503125","26665,3409446195","800398,596908594"
449,138,"5,3073634503125","13469,2168894512","813867,813798045"
450,187,"5,3073634503125","6775,41626360225","820643,230061648"
451,270,"5,04199527779687","28090,4363111344","848733,666372782"
452,61,"5,04199527779687","3358,42152276074","852092,087895543"
453,165,"5,04199527779687","17744,6421336396","869836,730029182"
454,6,"5,04199527779687","2125,18878142458","871961,918810607"
455,299,"5,04199527779687","15642,8251638779","887604,743974485"
456,299,"5,04199527779687","29820,0920927041","917424,836067189"
457,299,"5,04199527779687","24490,933964983","941915,770032172"
458,237,"5,04199527779687","19935,095111007","961850,865143179"
459,299,"5,04199527779687","30170,7887915498","992021,653934728"
460,14,"5,04199527779687","3036,89739120439","995058,551325933"
461,299,"5,04199527779687","19146,5048303585","1014205,05615629"
462,299,"5,04199527779687","27529,5008218736","1041734,55697816"
463,261,"5,04199527779687","21748,0072600823","1063482,56423825"
464,90,"5,04199527779687","11796,8029211616","1075279,36715941"
465,20,"5,04199527779687","3735,10231349255","1079014,4694729"
466,262,"5,04199527779687","13757,7126340401","1092772,18210694"
467,207,"5,04199527779687","21571,1507673038","1114343,33287425"
468,139,"5,04199527779687","7942,13400919607","1122285,46688344"
469,299,"5,04199527779687","22317,1247609026","1144602,59164434"
470,73,"5,04199527779687","8430,30744299235","1153032,89908734"
471,204,"5,04199527779687","9856,99336841504","1162889,89245575"
472,127,"5,04199527779687","-789,577360402589","1162100,31509535"
473,299,"5,04199527779687","19410,3969675831","1181510,71206293"
474,299,"5,04199527779687","24438,3893046819","1205949,10136761"
475,27,"5,04199527779687","4325,57073960509","1210274,67210722"
476,93,"5,04199527779687","-7719,01848130239","1202555,65362592"
477,25,"5,04199527779687","4236,50382461124","1206792,15745053"
478,299,"5,04199527779687","27924,0219153844","1234716,17936591"
479,298,"5,04199527779687","4028,67610533917","1238744,85547125"
480,299,"5,04199527779687","11357,5480853065","1250102,40355656"
481,239,"5,04199527779687","6040,71270711901","1256143,11626368"
482,299,"5,04199527779687","26033,0046743672","1282176,12093804"
483,12,"5,04199527779687","2823,83705606216","1284999,95799411"
484,19,"5,04199527779687","3243,11728587269","1288243,07527998"
485,299,"5,04199527779687","20706,9337152744","1308950,00899525"
486,66,"5,04199527779687","7740,68102079329","1316690,69001605"
487,289,"5,04199527779687","14085,9422986905","1330776,63231474"
488,299,"5,04199527779687","26789,0750679781","1357565,70738271"
489,299,"5,04199527779687","17371,79445862","1374937,50184133"
490,299,"5,04199527779687","27489,4973038602","1402426,99914519"
491,212,"5,04199527779687","-59,2384191201709","1402367,76072607"
492,299,"5,04199527779687","21154,6164168448","1423522,37714292"
493,166,"5,04199527779687","-1035,50255167111","1422486,87459125"
494,19,"5,04199527779687","3775,75233122103","1426262,62692247"
495,299,"5,04199527779687","12509,5279113733","1438772,15483384"
496,28,"5,04199527779687","4570,23294629296","1443342,38778014"
497,8,"5,04199527779687","2442,8617577022","1445785,24953784"
498,5,"5,04199527779687","2033,93669551348","1447819,18623335"
499,168,"5,04199527779687","14085,9174564802","1461905,10368983"
500,59,"5,04199527779687","1571,5274195074","1463476,63110934"
501,6,"5,04199527779687","2134,89084122832","1465611,52195057"
502,39,"5,04199527779687","5418,12496354939","1471029,64691412"
503,27,"5,04199527779687","4461,60511652132","1475491,25203064"
504,74,"5,04199527779687","8234,83429521305","1483726,08632585"
505,33,"5,04199527779687","4822,1963420037","1488548,28266785"
506,8,"5,04199527779687","2470,89816251506","1491019,18083037"
507,137,"5,04199527779687","4974,60621807371","1495993,78704844"
508,69,"5,04199527779687","8287,43365447985","1504281,22070292"
509,85,"5,04199527779687","9344,03676795404","1513625,25747088"
510,256,"5,04199527779687","21338,6170953086","1534963,87456619"
511,20,"5,04199527779687","-7790,54089874729","1527173,33366744"
512,299,"5,04199527779687","17426,7480843459","1544600,08175179"
513,76,"5,04199527779687","9054,91214579494","1553654,99389758"
514,4,"5,04199527779687","1933,80979797631","1555588,80369556"
515,84,"5,04199527779687","7220,08252960182","1562808,88622516"
516,49,"5,04199527779687","7047,23052976629","1569856,11675492"
517,51,"5,04199527779687","7157,77765083113","1577013,89440576"
518,9,"5,04199527779687","2474,99056492704","1579488,88497068"
519,31,"5,04199527779687","4557,20304158949","1584046,08801227"
520,181,"5,04199527779687","19498,2167527862","1603544,30476506"
521,113,"5,04199527779687","11343,6166184404","1614887,9213835"
522,17,"5,04199527779687","3304,45038504827","1618192,37176855"
523,7,"5,04199527779687","2365,20172842827","1620557,57349698"
524,299,"5,04199527779687","10785,1748729489","1631342,74836992"
525,193,"5,04199527779687","21505,0909538817","1652847,83932381"
526,2,"5,04199527779687","1730,2872525674","1654578,12657637"
527,75,"5,04199527779687","7809,00827771282","1662387,13485409"
528,299,"5,04199527779687","22004,1148990356","1684391,24975312"
529,299,"5,04199527779687","26104,8705962964","1710496,12034942"
530,101,"5,04199527779687","12069,0233639803","1722565,1437134"
531,10,"5,04199527779687","2598,6019361802","1725163,74564958"
532,4,"5,04199527779687","1937,72130062698","1727101,46695021"
533,299,"5,04199527779687","25340,5088166934","1752441,9757669"
534,15,"5,04199527779687","3071,42783440312","1755513,4036013"
535,5,"5,04199527779687","2018,4726780274","1757531,87627933"
536,56,"5,04199527779687","7859,30912159131","1765391,18540092"
537,299,"5,04199527779687","8877,75875655409","1774268,94415747"
538,133,"5,04199527779687","8254,77545350029","1782523,71961097"
539,23,"5,04199527779687","3905,12238054494","1786428,84199152"
540,257,"5,04199527779687","22807,5001192756","1809236,3421108"
541,84,"5,04199527779687","9625,05539398769","1818861,39750478"
542,166,"5,04199527779687","16580,4278341908","1835441,82533897"
543,1,"5,04199527779687","1626,59060017856","1837068,41593915"
544,299,"5,04199527779687","25896,1678683996","1862964,58380755"
545,299,"5,04199527779687","29645,7790132748","1892610,36282083"
546,255,"5,04199527779687","12200,2704253747","1904810,6332462"
547,299,"5,04199527779687","22562,9675327828","1927373,60077898"
548,299,"5,04199527779687","23212,9332402515","1950586,53401924"
549,265,"5,04199527779687","19151,4301503512","1969737,96416959"
550,166,"5,04199527779687","-13023,273356936","1956714,69081265"
551,299,"4,78989551390703","13688,3385518987","1970403,02936455"
552,251,"4,78989551390703","16161,6900725207","1986564,71943707"
553,8,"4,78989551390703","2492,68303182245","1989057,40246889"
554,9,"4,78989551390703","2516,84294998757","1991574,24541888"
555,299,"4,78989551390703","28065,7798742589","2019640,02529314"
556,6,"4,78989551390703","2264,1687227365","2021904,19401588"
557,299,"4,78989551390703","25153,5231676725","2047057,71718355"
558,299,"4,78989551390703","24278,5226667429","2071336,23985029"
559,10,"4,78989551390703","2710,26703758357","2074046,50688787"
560,152,"4,78989551390703","-2595,98811846422","2071450,51876941"
561,299,"4,78989551390703","26564,3139262107","2098014,83269562"
562,50,"4,78989551390703","6963,12301104904","2104977,95570667"
563,3,"4,78989551390703","1833,98390495624","2106811,93961163"
564,37,"4,78989551390703","5231,30283061323","2112043,24244224"
565,88,"4,78989551390703","8137,15711469875","2120180,39955694"
566,96,"4,78989551390703","2973,95772054706","2123154,35727749"
567,63,"4,78989551390703","8149,47387080963","2131303,83114829"
568,8,"4,78989551390703","2341,14421410337","2133644,9753624"
569,267,"4,78989551390703","-9692,91923393283","2123952,05612847"
570,51,"4,78989551390703","6524,02460087044","2130476,08072934"
571,299,"4,78989551390703","26556,5148960006","2157032,59562534"
572,6,"4,78989551390703","2164,96511941108","2159197,56074475"
573,100,"4,78989551390703","10796,0422979997","2169993,60304275"
574,299,"4,78989551390703","21100,3415256766","2191093,94456842"
575,33,"4,78989551390703","5301,95371982318","2196395,89828825"
576,43,"4,78989551390703","5833,77710000195","2202229,67538825"
577,299,"4,78989551390703","13784,1302225776","2216013,80561083"
578,91,"4,78989551390703","9173,17005727388","2225186,9756681"
579,299,"4,78989551390703","22820,0543252546","2248007,02999336"
580,299,"4,78989551390703","24138,3954302693","2272145,42542363"
581,86,"4,78989551390703","8370,97034787383","2280516,3957715"
582,299,"4,78989551390703","25353,2758467478","2305869,67161825"
583,10,"4,78989551390703","2580,42642374528","2308450,09804199"
584,2,"4,78989551390703","1730,2872525674","2310180,38529456"
585,299,"4,78989551390703","23936,2890147533","2334116,67430931"
586,70,"4,78989551390703","8256,20414911237","2342372,87845843"
587,56,"4,78989551390703","7710,14680815307","2350083,02526658"
588,211,"4,78989551390703","284,355623873238","2350367,38089045"
589,186,"4,78989551390703","18974,9921570022","2369342,37304745"
590,299,"4,78989551390703","17138,938204369","2386481,31125182"
591,299,"4,78989551390703","18676,0540967221","2405157,36534855"
592,99,"4,78989551390703","-3518,3736028424","2401638,9917457"
593,13,"4,78989551390703","2849,57576993327","2404488,56751564"
594,299,"4,78989551390703","15410,2500514657","2419898,8175671"
595,95,"4,78989551390703","11006,0012112701","2430904,81877837"
596,125,"4,78989551390703","12535,2841715786","2443440,10294995"
597,299,"4,78989551390703","29545,1723436554","2472985,27529361"
598,27,"4,78989551390703","4411,33313090711","2477396,60842451"
599,18,"4,78989551390703","3634,10134445181","2481030,70976897"
600,70,"4,78989551390703","8428,82761005099","2489459,53737902"
601,299,"4,55040073821168","24813,1827304529","2514272,72010947"
602,299,"4,55040073821168","27399,7808634837","2541672,50097295"
603,43,"4,55040073821168","6101,04735551372","2547773,54832847"
604,299,"4,55040073821168","27175,0721319853","2574948,62046045"
605,234,"4,55040073821168","19262,8326489127","2594211,45310936"
606,9,"4,55040073821168","2422,11865273771","2596633,5717621"
607,57,"4,55040073821168","7149,88132253206","2603783,45308463"
608,40,"4,55040073821168","5691,86167188399","2609475,31475652"
609,241,"4,55040073821168","17535,8924576463","2627011,20721416"
610,299,"4,55040073821168","16900,8705006856","2643912,07771485"
611,121,"4,55040073821168","12897,8229059457","2656809,9006208"
612,11,"4,55040073821168","2661,49975111093","2659471,40037191"
613,299,"4,55040073821168","17083,6164894409","2676555,01686135"
614,10,"4,55040073821168","-8915,74158343439","2667639,27527791"
615,299,"4,55040073821168","10186,6103087402","2677825,88558665"
616,63,"4,55040073821168","6768,00870489087","2684593,89429154"
617,139,"4,55040073821168","15163,1313691361","2699757,02566068"
618,64,"4,55040073821168","7488,18149578632","2707245,20715647"
619,202,"4,55040073821168","14644,8666778161","2721890,07383428"
620,48,"4,55040073821168","6396,32289677638","2728286,39673106"
621,299,"4,55040073821168","14136,9701697476","2742423,36690081"
622,299,"4,55040073821168","10362,9625765208","2752786,32947733"
623,2,"4,55040073821168","1723,2594748354","2754509,58895216"
624,201,"4,55040073821168","20911,3379197817","2775420,92687194"
625,11,"4,55040073821168","2714,7976185191","2778135,72449046"
626,213,"4,55040073821168","-21151,8331898644","2756983,8913006"
627,299,"4,55040073821168","27377,0659841794","2784360,95728478"
628,299,"4,55040073821168","26753,7294485375","2811114,68673332"
629,299,"4,55040073821168","-21344,4615661187","2789770,2251672"
630,99,"4,55040073821168","11184,5536528513","2800954,77882005"
631,294,"4,55040073821168","29427,7693245555","2830382,5481446"
632,121,"4,55040073821168","14551,6569837312","2844934,20512834"
633,299,"4,55040073821168","4452,75013044955","2849386,95525879"
634,299,"4,55040073821168","-19338,1979539444","2830048,75730484"
635,299,"4,55040073821168","16384,6190458764","2846433,37635072"
636,299,"4,55040073821168","29114,5015605749","2875547,87791129"
637,22,"4,55040073821168","4140,1915021922","2879688,06941348"
638,299,"4,55040073821168","28511,5404079161","2908199,6098214"
639,140,"4,55040073821168","9786,91230453272","2917986,52212593"
640,211,"4,55040073821168","9653,2985349204","2927639,82066085"
641,39,"4,55040073821168","5547,50776487193","2933187,32842573"
642,98,"4,55040073821168","10827,9585383543","2944015,28696408"
643,299,"4,55040073821168","25680,7098102798","2969695,99677436"
644,299,"4,55040073821168","29795,4440990263","2999491,44087339"
645,21,"4,55040073821168","3577,3727758745","3003068,81364926"
646,39,"4,55040073821168","5767,78540099696","3008836,59905026"
647,93,"4,55040073821168","7753,04513010707","3016589,64418036"
648,299,"4,55040073821168","28005,1807725072","3044594,82495287"
649,299,"4,55040073821168","27005,1924876157","3071600,01744049"
650,299,"4,55040073821168","4707,49580427287","3076307,51324476"
651,13,"4,32288070130109","2912,4063999904","3079219,91964475"
652,226,"4,32288070130109","24116,7902692945","3103336,70991404"
653,10,"4,32288070130109","2710,37311766812","3106047,08303171"
654,299,"4,32288070130109","28718,1194148969","3134765,20244661"
655,160,"4,32288070130109","16157,1348095929","3150922,3372562"
656,299,"4,32288070130109","26187,9173997083","3177110,25465591"
657,36,"4,32288070130109","5589,80452667233","3182700,05918258"
658,187,"4,32288070130109","18841,6187603332","3201541,67794292"
659,9,"4,32288070130109","2575,88692727947","3204117,5648702"
660,170,"4,32288070130109","16462,2049955243","3220579,76986572"
661,299,"4,32288070130109","14294,6828881593","3234874,45275388"
662,3,"4,32288070130109","1853,321659107","3236727,77441299"
663,299,"4,32288070130109","25260,2725537983","3261988,04696679"
664,59,"4,32288070130109","7532,14080607901","3269520,18777286"
665,22,"4,32288070130109","3844,8493445583","3273365,03711742"
666,250,"4,32288070130109","21306,067465863","3294671,10458329"
667,183,"4,32288070130109","17550,9828065439","3312222,08738983"
668,299,"4,32288070130109","24849,75543911","3337071,84282894"
669,6,"4,32288070130109","2176,206336899","3339248,04916584"
670,299,"4,32288070130109","13347,3497235539","3352595,39888939"
671,173,"4,32288070130109","16321,8139719007","3368917,21286129"
672,124,"4,32288070130109","10128,1208508202","3379045,33371211"
673,299,"4,32288070130109","25526,3915057172","3404571,72521783"
674,263,"4,32288070130109","24890,8104247405","3429462,53564257"
675,299,"4,32288070130109","25016,0581413146","3454478,59378389"
676,17,"4,32288070130109","3564,596443473","3458043,19022736"
677,299,"4,32288070130109","16863,6072408917","3474906,79746825"
678,299,"4,32288070130109","12496,4098817895","3487403,20735004"
679,299,"4,32288070130109","25058,2998029933","3512461,50715303"
680,10,"4,32288070130109","2592,15093069744","3515053,65808373"
681,229,"4,32288070130109","13982,1972404511","3529035,85532418"
682,152,"4,32288070130109","5360,1962559511","3534396,05158013"
683,25,"4,32288070130109","3877,43521902176","3538273,48679915"
684,299,"4,32288070130109","24051,8718823871","3562325,35868154"
685,101,"4,32288070130109","11625,9913337001","3573951,35001524"
686,11,"4,32288070130109","2709,07025956232","3576660,4202748"
687,217,"4,32288070130109","21651,494644574","3598311,91491938"
688,159,"4,32288070130109","2036,36013437177","3600348,27505375"
689,98,"4,32288070130109","10495,43236726","3610843,70742101"
690,26,"4,32288070130109","4503,15937750935","3615346,86679852"
691,5,"4,32288070130109","2046,35601928609","3617393,2228178"
692,39,"4,32288070130109","6024,06852234151","3623417,29134015"
693,299,"4,32288070130109","23661,6773283824","3647078,96866853"
694,133,"4,32288070130109","12929,2791890518","3660008,24785758"
695,134,"4,32288070130109","16150,5722794782","3676158,82013706"
696,299,"4,32288070130109","25682,17341843","3701840,99355549"
697,274,"4,32288070130109","7607,5519096395","3709448,54546513"
698,299,"4,32288070130109","23506,8744450222","3732955,41991015"
699,44,"4,32288070130109","6456,80631092038","3739412,22622107"
700,9,"4,32288070130109","2474,55418024072","3741886,78040131"
701,201,"4,10673666623604","9740,81142317204","3751627,59182448"
702,299,"4,10673666623604","23684,1116780097","3775311,70350249"
703,299,"4,10673666623604","17514,5190869005","3792826,22258939"
704,228,"4,10673666623604","19610,6583082569","3812436,88089765"
705,29,"4,10673666623604","4825,57645754639","3817262,4573552"
706,299,"4,10673666623604","23906,5958406294","3841169,05319583"
707,18,"4,10673666623604","3402,84495571263","3844571,89815154"
708,42,"4,10673666623604","5578,46154967129","3850150,35970121"
709,156,"4,10673666623604","8845,95096363536","3858996,31066485"
710,299,"4,10673666623604","-2318,83628368422","3856677,47438116"
711,299,"4,10673666623604","24284,3753963346","3880961,8497775"
712,118,"4,10673666623604","12412,0454206585","3893373,89519815"
713,299,"4,10673666623604","18447,8937283151","3911821,78892647"
714,79,"4,10673666623604","7409,12742781093","3919230,91635428"
715,167,"4,10673666623604","-3226,23364483344","3916004,68270945"
716,71,"4,10673666623604","7474,18857394622","3923478,87128339"
717,97,"4,10673666623604","11631,9170242889","3935110,78830768"
718,299,"4,10673666623604","787,342203949016","3935898,13051163"
719,51,"4,10673666623604","6536,91671344362","3942435,04722508"
720,299,"4,10673666623604","10549,4826950869","3952984,52992016"
721,299,"4,10673666623604","9707,20432916644","3962691,73424933"
722,299,"4,10673666623604","27424,944473087","3990116,67872242"
723,97,"4,10673666623604","7822,9365724016","3997939,61529482"
724,20,"4,10673666623604","3253,60973752361","4001193,22503234"
725,46,"4,10673666623604","6715,54979156068","4007908,7748239"
726,33,"4,10673666623604","4993,34764720829","4012902,12247111"
727,120,"4,10673666623604","-23753,779733793","3989148,34273732"
728,299,"4,10673666623604","18271,9898938018","4007420,33263112"
729,299,"4,10673666623604","11425,4836286897","4018845,81625981"
730,10,"4,10673666623604","2666,95471101772","4021512,77097083"
731,33,"4,10673666623604","4801,10193604354","4026313,87290687"
732,36,"4,10673666623604","5205,08592945923","4031518,95883633"
733,84,"4,10673666623604","8248,92788462251","4039767,88672095"
734,268,"4,10673666623604","25947,4957968469","4065715,3825178"
735,299,"4,10673666623604","30235,8896777885","4095951,27219559"
736,77,"4,10673666623604","9318,18637781432","4105269,4585734"
737,7,"4,10673666623604","2230,19989390777","4107499,65846731"
738,299,"4,10673666623604","23449,6115489261","4130949,27001624"
739,170,"4,10673666623604","18171,0162485245","4149120,28626476"
740,160,"4,10673666623604","14320,9255640038","4163441,21182876"
741,299,"4,10673666623604","20393,523434925","4183834,73526369"
742,179,"4,10673666623604","16950,3912288013","4200785,12649249"
743,299,"4,10673666623604","13431,5029263342","4214216,62941882"
744,56,"4,10673666623604","7797,80297234761","4222014,43239117"
745,299,"4,10673666623604","29829,358317626","4251843,7907088"
746,35,"4,10673666623604","-6282,52871484675","4245561,26199395"
747,299,"4,10673666623604","23927,4701722735","4269488,73216622"
748,299,"4,10673666623604","25887,4298002542","4295376,16196648"
749,28,"4,10673666623604","4710,48092503113","4300086,64289151"
750,27,"4,10673666623604","3898,85195305878","4303985,49484457"
751,162,"3,90139983292424","15536,1227025424","4319521,61754711"
752,299,"3,90139983292424","28387,3563847846","4347908,97393189"
753,15,"3,90139983292424","3100,85482769812","4351009,82875959"
754,39,"3,90139983292424","5693,47780670058","4356703,30656629"
755,299,"3,90139983292424","22191,233296411","4378894,5398627"
756,299,"3,90139983292424","16863,763933967","4395758,30379667"
757,299,"3,90139983292424","21064,4528451886","4416822,75664186"
758,299,"3,90139983292424","19808,0017101382","4436630,758352"
759,299,"3,90139983292424","29644,9238249925","4466275,68217699"
760,299,"3,90139983292424","19951,3845777888","4486227,06675478"
761,299,"3,90139983292424","23081,715419781","4509308,78217456"
762,299,"3,90139983292424","23766,214353134","4533074,99652769"
763,299,"3,90139983292424","25456,9957094734","4558531,99223717"
764,66,"3,90139983292424","8073,32963205278","4566605,32186922"
765,7,"3,90139983292424","2255,80735008742","4568861,12921931"
766,180,"3,90139983292424","6571,74122541283","4575432,87044472"
767,299,"3,90139983292424","24607,6104112906","4600040,48085601"
768,168,"3,90139983292424","11884,9386392095","4611925,41949522"
769,299,"3,90139983292424","22492,9653302118","4634418,38482543"
770,299,"3,90139983292424","27487,03882209","4661905,42364752"
771,299,"3,90139983292424","19514,4787745224","4681419,90242205"
772,109,"3,90139983292424","11039,3870143027","4692459,28943635"
773,299,"3,90139983292424","28433,8242846929","4720893,11372104"
774,25,"3,90139983292424","4237,69994429353","4725130,81366533"
775,27,"3,90139983292424","4254,73486186498","4729385,5485272"
776,11,"3,90139983292424","2708,72187631569","4732094,27040352"
777,299,"3,90139983292424","28993,9778945597","4761088,24829807"
778,174,"3,90139983292424","-3971,53713745327","4757116,71116062"
779,196,"3,90139983292424","6770,77579582281","4763887,48695644"
780,299,"3,90139983292424","28312,4908060885","4792199,97776253"
781,299,"3,90139983292424","22413,139137384","4814613,11689992"
782,299,"3,90139983292424","24451,6884978893","4839064,80539781"
783,299,"3,90139983292424","25257,6607911853","4864322,46618899"
784,6,"3,90139983292424","2237,83585075803","4866560,30203975"
785,299,"3,90139983292424","15181,8456046927","4881742,14764444"
786,299,"3,90139983292424","27000,9822158442","4908743,12986029"
787,2,"3,90139983292424","-9745,50012185581","4898997,62973843"
788,0,"3,90139983292424",-10000,"4888997,62973843"
789,0,"3,90139983292424",-10000,"4878997,62973843"
790,0,"3,90139983292424",-10000,"4868997,62973843"
791,0,"3,90139983292424",-10000,"4858997,62973843"
792,0,"3,90139983292424",-10000,"4848997,62973843"
793,0,"3,90139983292424",-10000,"4838997,62973843"
794,0,"3,90139983292424",-10000,"4828997,62973843"
795,299,"3,90139983292424","27985,3872549468","4856983,01699338"
796,299,"3,90139983292424","25300,5103139084","4882283,52730729"
797,170,"3,90139983292424","16199,563007364","4898483,09031465"
798,299,"3,90139983292424","27136,9820363825","4925620,07235103"
799,299,"3,90139983292424","26822,9178898607","4952442,99024089"
800,42,"3,90139983292424","5648,80108378301","4958091,79132468"
801,160,"3,70632984127802","3266,45700502933","4961358,24832971"
802,299,"3,70632984127802","22230,0623261514","4983588,31065586"
803,299,"3,70632984127802","15324,0111112226","4998912,32176708"
804,299,"3,70632984127802","15512,3850809042","5014424,70684798"
805,180,"3,70632984127802","18568,7707497993","5032993,47759778"
806,297,"3,70632984127802","13191,7642374221","5046185,24183521"
807,10,"3,70632984127802","2580,42551830258","5048765,66735351"
808,299,"3,70632984127802","20011,9206649841","5068777,58801849"
809,87,"3,70632984127802","-1515,23734402412","5067262,35067447"
810,299,"3,70632984127802","27973,7757320941","5095236,12640656"
811,299,"3,70632984127802","24918,9955668901","5120155,12197345"
812,41,"3,70632984127802","6056,78382514527","5126211,9057986"
813,299,"3,70632984127802","21875,3381707175","5148087,24396931"
814,299,"3,70632984127802","8513,01857785904","5156600,26254717"
815,24,"3,70632984127802","4122,36052687959","5160722,62307405"
816,74,"3,70632984127802","9240,45643198512","5169963,07950604"
817,251,"3,70632984127802","19921,8870832796","5189884,96658932"
818,58,"3,70632984127802","7834,57576946801","5197719,54235879"
819,146,"3,70632984127802","15070,2745167178","5212789,8168755"
820,55,"3,70632984127802","6300,65632877654","5219090,47320428"
821,299,"3,70632984127802","6684,57730702563","5225775,05051131"
822,299,"3,70632984127802","22583,5269038116","5248358,57741512"
823,147,"3,70632984127802","1641,28003465642","5249999,85744978"
824,299,"3,70632984127802","17851,2615313513","5267851,11898113"
825,187,"3,70632984127802","18064,5440560064","5285915,66303713"
826,299,"3,70632984127802","17166,8531042744","5303082,51614141"
827,299,"3,70632984127802","27948,294959717","5331030,81110112"
828,299,"3,70632984127802","24930,3299188711","5355961,14101999"
829,277,"3,70632984127802","19805,9964755155","5375767,13749551"
830,299,"3,70632984127802","27670,7898270257","5403437,92732254"
831,299,"3,70632984127802","26292,5932276944","5429730,52055023"
832,299,"3,70632984127802","18590,3418440576","5448320,86239429"
833,25,"3,70632984127802","4096,79476510465","5452417,65715939"
834,246,"3,70632984127802","10736,9002088273","5463154,55736822"
835,299,"3,70632984127802","28213,0543944991","5491367,61176272"
836,161,"3,70632984127802","1184,62040738249","5492552,2321701"
837,93,"3,70632984127802","11351,2738717152","5503903,50604182"
838,299,"3,70632984127802","30566,0309742869","5534469,5370161"
839,299,"3,70632984127802","26693,3900802735","5561162,92709638"
840,299,"3,70632984127802","29467,9289446705","5590630,85604105"
841,299,"3,70632984127802","27700,401686699","5618331,25772775"
842,39,"3,70632984127802","5856,60182712781","5624187,85955487"
843,155,"3,70632984127802","16608,4061903515","5640796,26574523"
844,16,"3,70632984127802","3150,25434085822","5643946,52008608"
845,230,"3,70632984127802","12832,552472206","5656779,07255829"
846,297,"3,70632984127802","24014,6002068798","5680793,67276517"
847,13,"3,70632984127802","2991,76564459926","5683785,43840977"
848,299,"3,70632984127802","22114,4430191351","5705899,8814289"
849,299,"3,70632984127802","19247,4264734715","5725147,30790238"
850,30,"3,70632984127802","4427,35288662128","5729574,660789"
851,298,"3,52101334921412","29839,5764820576","5759414,23727105"
852,299,"3,52101334921412","27550,6008335106","5786964,83810456"
853,34,"3,52101334921412","4721,42390055595","5791686,26200512"
854,299,"3,52101334921412","19224,6392148564","5810910,90121998"
855,297,"3,52101334921412","15063,8998310009","5825974,80105098"
856,65,"3,52101334921412","8681,05805099263","5834655,85910197"
857,19,"3,52101334921412","3585,38532528227","5838241,24442725"
858,255,"3,52101334921412","24115,440478461","5862356,68490571"
859,299,"3,52101334921412","27840,7821690091","5890197,46707472"
860,75,"3,52101334921412","-5271,9343597121","5884925,53271501"
861,299,"3,52101334921412","27328,3993434842","5912253,93205849"
862,145,"3,52101334921412","15934,3293423349","5928188,26140083"
863,299,"3,52101334921412","27117,0173087763","5955305,27870961"
864,299,"3,52101334921412","26678,8245857806","5981984,10329539"
865,124,"3,52101334921412","13661,850519497","5995645,95381488"
866,39,"3,52101334921412","5744,68410201343","6001390,6379169"
867,51,"3,52101334921412","6808,02015753394","6008198,65807443"
868,299,"3,52101334921412","27917,596585414","6036116,25465984"
869,28,"3,52101334921412","4407,94019996138","6040524,19485981"
870,12,"3,52101334921412","2729,30254219151","6043253,497402"
871,299,"3,52101334921412","25258,94737909","6068512,44478109"
872,13,"3,52101334921412","2978,45610156915","6071490,90088266"
873,299,"3,52101334921412","26735,0306749785","6098225,93155764"
874,13,"3,52101334921412","2872,06643734463","6101097,99799498"
875,299,"3,52101334921412","27190,456366441","6128288,45436142"
876,63,"3,52101334921412","8123,79441747856","6136412,2487789"
877,233,"3,52101334921412","9302,22954750107","6145714,4783264"
878,299,"3,52101334921412","28906,8516406793","6174621,32996708"
879,299,"3,52101334921412","20293,4540298596","6194914,78399694"
880,71,"3,52101334921412","8809,9774388413","6203724,76143578"
881,180,"3,52101334921412","4244,10024283265","6207968,86167861"
882,9,"3,52101334921412","2612,99227605058","6210581,85395466"
883,299,"3,52101334921412","24521,4286031336","6235103,2825578"
884,111,"3,52101334921412","-149,155214779576","6234954,12734302"
885,37,"3,52101334921412","5229,15678782215","6240183,28413084"
886,10,"3,52101334921412","2701,35057267315","6242884,63470351"
887,299,"3,52101334921412","29105,8901368148","6271990,52484033"
888,44,"3,52101334921412","6486,31884165383","6278476,84368198"
889,299,"3,52101334921412","27557,8774912817","6306034,72117326"
890,9,"3,52101334921412","2567,71405689406","6308602,43523016"
891,10,"3,52101334921412","2644,02415034469","6311246,4593805"
892,62,"3,52101334921412","7810,44434525903","6319056,90372576"
893,299,"3,52101334921412","16203,0975938244","6335260,00131958"
894,299,"3,52101334921412","15547,9155948637","6350807,91691445"
895,89,"3,52101334921412","-1034,67858412761","6349773,23833032"
896,299,"3,52101334921412","21767,7090962165","6371540,94742654"
897,111,"3,52101334921412","11782,6614515626","6383323,6088781"
898,121,"3,52101334921412","13444,2931392981","6396767,9020174"
899,299,"3,52101334921412","13599,4190359563","6410367,32105335"
900,272,"3,52101334921412","26120,7282241871","6436488,04927754"
901,299,"3,34496268175342","20633,7680070368","6457121,81728458"
902,299,"3,34496268175342","24855,6311117845","6481977,44839636"
903,299,"3,34496268175342","24397,7401914713","6506375,18858783"
904,237,"3,34496268175342","23260,7609037429","6529635,94949158"
905,299,"3,34496268175342","8067,64353617944","6537703,59302776"
906,48,"3,34496268175342","6527,32516688385","6544230,91819464"
907,299,"3,34496268175342","29434,7432332551","6573665,6614279"
908,299,"3,34496268175342","26834,6597373959","6600500,32116529"
909,44,"3,34496268175342","5945,69722288425","6606446,01838817"
910,299,"3,34496268175342","28237,6103551269","6634683,6287433"
911,61,"3,34496268175342","7522,48105300256","6642206,1097963"
912,299,"3,34496268175342","17711,009250362","6659917,11904667"
913,299,"3,34496268175342","21912,0082699203","6681829,12731659"
914,50,"3,34496268175342","7085,5199138415","6688914,64723043"
915,299,"3,34496268175342","26851,8530175701","6715766,500248"
916,185,"3,34496268175342","8351,11620889652","6724117,61645689"
917,37,"3,34496268175342","5561,37522917993","6729678,99168607"
918,2,"3,34496268175342","-9768,39406964554","6719910,59761643"
919,33,"3,34496268175342","-6353,20849185048","6713557,38912458"
920,299,"3,34496268175342","28241,6104884521","6741798,99961303"
921,299,"3,34496268175342","26406,9109617351","6768205,91057477"
922,288,"3,34496268175342","7895,98601672454","6776101,89659149"
923,299,"3,34496268175342","22089,5173792286","6798191,41397072"
924,299,"3,34496268175342","24603,6878846287","6822795,10185535"
925,106,"3,34496268175342","10098,9756384027","6832894,07749375"
926,299,"3,34496268175342","18065,6670834039","6850959,74457715"
927,299,"3,34496268175342","25791,6122976002","6876751,35687475"
928,299,"3,34496268175342","22899,1814356067","6899650,53831036"
929,216,"3,34496268175342","24950,6664868915","6924601,20479725"
930,58,"3,34496268175342","7817,5570979782","6932418,76189523"
931,299,"3,34496268175342","16830,858598866","6949249,6204941"
932,299,"3,34496268175342","20010,691482142","6969260,31197624"
933,10,"3,34496268175342","2630,26061837126","6971890,57259461"
934,299,"3,34496268175342","19647,3809246832","6991537,95351929"
935,18,"3,34496268175342","3386,57461531318","6994924,5281346"
936,299,"3,34496268175342","3912,67304385081","6998837,20117846"
937,65,"3,34496268175342","8542,37239998694","7007379,57357844"
938,236,"3,34496268175342","25022,8017975826","7032402,37537602"
939,69,"3,34496268175342","8830,50297187347","7041232,8783479"
940,299,"3,34496268175342","27788,8487348499","7069021,72708275"
941,299,"3,34496268175342","-17673,2649074752","7051348,46217527"
942,34,"3,34496268175342","4997,72092677969","7056346,18310205"
943,299,"3,34496268175342","21331,0946428687","7077677,27774492"
944,55,"3,34496268175342","6326,83978235198","7084004,11752727"
945,224,"3,34496268175342","21115,8122444363","7105119,92977171"
946,299,"3,34496268175342","25658,5909327469","7130778,52070446"
947,299,"3,34496268175342","25221,5878917996","7156000,10859626"
948,82,"3,34496268175342","9025,3343467637","7165025,44294302"
949,299,"3,34496268175342","29174,6820951892","7194200,12503821"
950,50,"3,34496268175342","-4634,259856723","7189565,86518149"
951,273,"3,17771454766574","16543,6451979989","7206109,51037949"
952,299,"3,17771454766574","29956,5362465434","7236066,04662603"
953,299,"3,17771454766574","23627,1312066709","7259693,1778327"
954,261,"3,17771454766574","25353,9019782845","7285047,07981098"
955,299,"3,17771454766574","3378,65600860449","7288425,73581959"
956,53,"3,17771454766574","7443,99680298004","7295869,73262257"
957,32,"3,17771454766574","5036,50158145477","7300906,23420402"
958,17,"3,17771454766574","3235,5470655882","7304141,78126961"
959,299,"3,17771454766574","28306,3827638902","7332448,1640335"
960,49,"3,17771454766574","6514,90157265785","7338963,06560616"
961,299,"3,17771454766574","27489,4697133163","7366452,53531948"
962,201,"3,17771454766574","9902,64548945565","7376355,18080893"
963,18,"3,17771454766574","3426,76163789301","7379781,94244682"
964,299,"3,17771454766574","23668,8638514486","7403450,80629827"
965,109,"3,17771454766574","11525,3665590229","7414976,1728573"
966,148,"3,17771454766574","16113,5230522416","7431089,69590954"
967,6,"3,17771454766574","2168,61265598801","7433258,30856553"
968,299,"3,17771454766574","19741,831497198","7453000,14006272"
969,68,"3,17771454766574","-3093,7848792691","7449906,35518345"
970,299,"3,17771454766574","28088,6465860577","7477995,00176951"
971,224,"3,17771454766574","22254,060910617","7500249,06268013"
972,158,"3,17771454766574","16756,9609118992","7517006,02359203"
973,299,"3,17771454766574","24248,2622792029","7541254,28587123"
974,299,"3,17771454766574","23898,9035812471","7565153,18945248"
975,299,"3,17771454766574","23102,6320044614","7588255,82145694"
976,299,"3,17771454766574","28203,1947959393","7616459,01625288"
977,299,"3,17771454766574","26082,4640830052","7642541,48033588"
978,42,"3,17771454766574","5866,39128598297","7648407,87162187"
979,299,"3,17771454766574","23346,668183329","7671754,53980519"
980,259,"3,17771454766574","5357,22136915943","7677111,76117435"
981,162,"3,17771454766574","16070,0073483822","7693181,76852274"
982,299,"3,17771454766574","22797,5941688153","7715979,36269155"
983,299,"3,17771454766574","22029,0905025454","7738008,4531941"
984,299,"3,17771454766574","22485,0394017132","7760493,49259581"
985,70,"3,17771454766574","-4512,20619732855","7755981,28639848"
986,299,"3,17771454766574","28846,5363232815","7784827,82272176"
987,17,"3,17771454766574","3290,81869002045","7788118,64141178"
988,16,"3,17771454766574","3224,80385971315","7791343,4452715"
989,299,"3,17771454766574","24849,2468623534","7816192,69213385"
990,128,"3,17771454766574","13142,9503365647","7829335,64247041"
991,299,"3,17771454766574","23564,1831312221","7852899,82560164"
992,299,"3,17771454766574","20677,698488186","7873577,52408982"
993,14,"3,17771454766574","3016,94641945063","7876594,47050927"
994,66,"3,17771454766574","7916,89502750499","7884511,36553678"
995,299,"3,17771454766574","25055,9845121069","7909567,35004888"
996,299,"3,17771454766574","22738,6533682663","7932306,00341715"
997,299,"3,17771454766574","11506,0470857326","7943812,05050288"
998,191,"3,17771454766574","18688,6545402414","7962500,70504312"
999,60,"3,17771454766574","7120,37952152001","7969621,08456464"
1000,14,"5,04199527779687","2598,80807599939","1464503,91176583"
1001,198,"5,04199527779687","4212,87004804795","1468716,78181388"
1002,66,"5,04199527779687","8050,15383657961","1476766,93565046"
1003,34,"5,04199527779687","5074,59429857253","1481841,52994903"
1004,299,"5,04199527779687","19729,5787169558","1501571,10866599"
1005,299,"5,04199527779687","14338,0719537443","1515909,18061973"
1006,161,"5,04199527779687","-14534,3425231729","1501374,83809656"
1007,114,"5,04199527779687","11443,1606703657","1512817,99876692"
1008,103,"5,04199527779687","11457,6492075663","1524275,64797449"
1009,299,"5,04199527779687","25341,8522928159","1549617,50026731"
1010,299,"5,04199527779687","27853,6407608203","1577471,14102813"
1011,274,"5,04199527779687","29998,0015624392","1607469,14259057"
1012,299,"5,04199527779687","25957,3721282098","1633426,51471878"
1013,163,"5,04199527779687","6070,35912669544","1639496,87384547"
1014,299,"5,04199527779687","11455,6347083332","1650952,5085538"
1015,299,"5,04199527779687","10300,6548414616","1661253,16339527"
1016,267,"5,04199527779687","16915,9680056784","1678169,13140094"
1017,138,"5,04199527779687","14072,2129208879","1692241,34432183"
1018,171,"5,04199527779687","4317,92406281335","1696559,26838465"
1019,285,"5,04199527779687","8328,12779751461","1704887,39618216"
1020,106,"5,04199527779687","11042,363261231","1715929,75944339"
1021,15,"5,04199527779687","3173,63080022149","1719103,39024361"
1022,299,"5,04199527779687","25909,3452179147","1745012,73546153"
1023,299,"5,04199527779687","24226,8255267876","1769239,56098832"
1024,220,"5,04199527779687","12099,0534625763","1781338,61445089"
1025,299,"5,04199527779687","17868,948621181","1799207,56307207"
1026,148,"5,04199527779687","14955,0837687535","1814162,64684083"
1027,106,"5,04199527779687","5846,95963819005","1820009,60647902"
1028,225,"5,04199527779687","-1793,97799978443","1818215,62847923"
1029,299,"5,04199527779687","28226,7444180702","1846442,3728973"
1030,50,"5,04199527779687","5743,31052167391","1852185,68341898"
1031,299,"5,04199527779687","23959,881049793","1876145,56446877"
1032,299,"5,04199527779687","-3944,23710794499","1872201,32736082"
1033,299,"5,04199527779687","22882,5734555728","1895083,9008164"
1034,299,"5,04199527779687","8102,91570189052","1903186,81651829"
1035,299,"5,04199527779687","-518,476293760495","1902668,34022453"
1036,107,"5,04199527779687","11168,7228310073","1913837,06305553"
1037,39,"5,04199527779687","5098,61582067228","1918935,67887621"
1038,299,"5,04199527779687","24634,8498973869","1943570,52877359"
1039,299,"5,04199527779687","27284,0181638366","1970854,54693743"
1040,47,"5,04199527779687","-6273,19340982085","1964581,35352761"
1041,277,"5,04199527779687","22517,836399748","1987099,18992736"
1042,299,"5,04199527779687","23289,5611949433","2010388,7511223"
1043,171,"5,04199527779687","18186,2551364049","2028575,00625871"
1044,93,"5,04199527779687","-720,950403509776","2027854,0558552"
1045,299,"5,04199527779687","16685,9046111675","2044539,96046636"
1046,299,"5,04199527779687","22961,2132653699","2067501,17373173"
1047,299,"5,04199527779687","22450,0991522112","2089951,27288394"
1048,299,"5,04199527779687","25316,053440664","2115267,32632461"
1049,114,"5,04199527779687","-5040,03692112897","2110227,28940348"
1050,299,"5,04199527779687","20017,9492242203","2130245,2386277"
1051,299,"4,78989551390703","21565,256690919","2151810,49531862"
1052,299,"4,78989551390703","27054,809946902","2178865,30526552"
1053,268,"4,78989551390703","16975,947268227","2195841,25253375"
1054,299,"4,78989551390703","21249,1287596547","2217090,3812934"
1055,299,"4,78989551390703","22180,8171467201","2239271,19844012"
1056,235,"4,78989551390703","8011,15013065672","2247282,34857078"
1057,34,"4,78989551390703","4947,8100602892","2252230,15863107"
1058,90,"4,78989551390703","9788,38742377734","2262018,54605484"
1059,159,"4,78989551390703","15946,8938126452","2277965,43986749"
1060,299,"4,78989551390703","17165,8184100172","2295131,25827751"
1061,299,"4,78989551390703","25588,7247642441","2320719,98304175"
1062,299,"4,78989551390703","23867,3250732957","2344587,30811505"
1063,299,"4,78989551390703","22144,7421770286","2366732,05029208"
1064,203,"4,78989551390703","20981,2837802128","2387713,33407229"
1065,299,"4,78989551390703","20855,0245832664","2408568,35865556"
1066,299,"4,78989551390703","26353,5790255264","2434921,93768108"
1067,100,"4,78989551390703","10771,8549637449","2445693,79264483"
1068,248,"4,78989551390703","22612,0850501509","2468305,87769498"
1069,299,"4,78989551390703","19001,6955349094","2487307,57322989"
1070,299,"4,78989551390703","28236,9675631878","2515544,54079307"
1071,113,"4,78989551390703","12993,7718164138","2528538,31260949"
1072,88,"4,78989551390703","9449,65267060519","2537987,96528009"
1073,299,"4,78989551390703","22620,3385986423","2560608,30387874"
1074,299,"4,78989551390703","23057,6234842961","2583665,92736303"
1075,282,"4,78989551390703","13047,4122791303","2596713,33964216"
1076,299,"4,78989551390703","27047,3831276164","2623760,72276978"
1077,299,"4,78989551390703","27474,5811807497","2651235,30395053"
1078,299,"4,78989551390703","27236,4553020572","2678471,75925259"
1079,213,"4,78989551390703","9883,41031632569","2688355,16956891"
1080,51,"4,78989551390703","5778,7427262598","2694133,91229517"
1081,299,"4,78989551390703","26177,6425437633","2720311,55483893"
1082,299,"4,78989551390703","22230,5880626243","2742542,14290156"
1083,299,"4,78989551390703","22766,6531480937","2765308,79604965"
1084,299,"4,78989551390703","21840,5188984703","2787149,31494812"
1085,299,"4,78989551390703","22408,8670747834","2809558,18202291"
1086,299,"4,78989551390703","25968,7238498091","2835526,90587272"
1087,299,"4,78989551390703","27922,1240956024","2863449,02996832"
1088,299,"4,78989551390703","27502,4358704313","2890951,46583875"
1089,30,"4,78989551390703","4441,02873178614","2895392,49457054"
1090,299,"4,78989551390703","23837,4682577112","2919229,96282825"
1091,299,"4,78989551390703","24974,4550632608","2944204,41789151"
1092,98,"4,78989551390703","10666,7795042288","2954871,19739574"
1093,299,"4,78989551390703","-2514,30677159582","2952356,89062414"
1094,299,"4,78989551390703","19383,7649393371","2971740,65556348"
1095,74,"4,78989551390703","9747,30359587305","2981487,95915935"
1096,101,"4,78989551390703","-756,251362986708","2980731,70779636"
1097,299,"4,78989551390703","28531,3669120794","3009263,07470844"
1098,299,"4,78989551390703","24939,5738872996","3034202,64859574"
1099,299,"4,78989551390703","14916,4853994692","3049119,13399521"
1100,274,"4,78989551390703","24338,0666729773","3073457,20066819"
1101,299,"4,55040073821168","20856,6754538574","3094313,87612205"
1102,299,"4,55040073821168","26947,577980963","3121261,45410301"
1103,299,"4,55040073821168","20570,2536025754","3141831,70770559"
1104,299,"4,55040073821168","25483,1408018431","3167314,84850743"
1105,158,"4,55040073821168","-2043,67346703024","3165271,1750404"
1106,10,"4,55040073821168","2487,17272113818","3167758,34776154"
1107,53,"4,55040073821168","6246,63872803811","3174004,98648957"
1108,299,"4,55040073821168","18548,205374919","3192553,19186449"
1109,299,"4,55040073821168","26297,9502197461","3218851,14208424"
1110,299,"4,55040073821168","25237,4888532212","3244088,63093746"
1111,299,"4,55040073821168","7441,89495477191","3251530,52589223"
1112,127,"4,55040073821168","8944,77084370816","3260475,29673594"
1113,112,"4,55040073821168","9728,07066087617","3270203,36739682"
1114,299,"4,55040073821168","24693,7441023219","3294897,11149914"
1115,299,"4,55040073821168","21104,960103476","3316002,07160261"
1116,258,"4,55040073821168","9410,24543693946","3325412,31703955"
1117,261,"4,55040073821168","-6463,91465714335","3318948,40238241"
1118,299,"4,55040073821168","23584,7091245778","3342533,11150699"
1119,299,"4,55040073821168","26766,6686375589","3369299,78014455"
1120,299,"4,55040073821168","-14962,9334850504","3354336,8466595"
1121,299,"4,55040073821168","21194,0265298003","3375530,8731893"
1122,299,"4,55040073821168","27632,2694790692","3403163,14266837"
1123,299,"4,55040073821168","16966,8394998401","3420129,98216821"
1124,299,"4,55040073821168","27944,3511619371","3448074,33333014"
1125,268,"4,55040073821168","23518,0679639989","3471592,40129414"
1126,228,"4,55040073821168","9905,48617810585","3481497,88747225"
1127,299,"4,55040073821168","25080,1526170913","3506578,04008934"
1128,260,"4,55040073821168","11659,8172386828","3518237,85732802"
1129,299,"4,55040073821168","25984,8288405795","3544222,6861686"
1130,299,"4,55040073821168","23267,0350307761","3567489,72119938"
1131,299,"4,55040073821168","22232,7925905704","3589722,51378995"
1132,299,"4,55040073821168","25216,5521259906","3614939,06591594"
1133,42,"4,55040073821168","5064,0731910167","3620003,13910696"
1134,299,"4,55040073821168","27106,0992191946","3647109,23832615"
1135,251,"4,55040073821168","25755,3864045329","3672864,62473068"
1136,277,"4,55040073821168","22975,1997711296","3695839,82450181"
1137,299,"4,55040073821168","24264,7558263228","3720104,58032814"
1138,149,"4,55040073821168","15203,9352358916","3735308,51556403"
1139,299,"4,55040073821168","24481,3407540512","3759789,85631808"
1140,47,"4,55040073821168","6141,71175536014","3765931,56807344"
1141,52,"4,55040073821168","6040,53248469575","3771972,10055813"
1142,299,"4,55040073821168","5499,84957850509","3777471,95013664"
1143,17,"4,55040073821168","3202,66683035857","3780674,616967"
1144,222,"4,55040073821168","23389,1730222453","3804063,78998924"
1145,299,"4,55040073821168","-1934,13265429474","3802129,65733495"
1146,260,"4,55040073821168","574,977373102804","3802704,63470805"
1147,299,"4,55040073821168","12628,3347660704","3815332,96947412"
1148,299,"4,55040073821168","24353,7491293841","3839686,71860351"
1149,130,"4,55040073821168","1756,78585459259","3841443,5044581"
1150,100,"4,55040073821168","11179,2709511029","3852622,7754092"
1151,120,"4,32288070130109","174,289252941695","3852797,06466214"
1152,299,"4,32288070130109","24362,4226074376","3877159,48726958"
1153,299,"4,32288070130109","21812,4110333992","3898971,89830298"
1154,299,"4,32288070130109","23986,3346044636","3922958,23290744"
1155,299,"4,32288070130109","16684,4089712773","3939642,64187872"
1156,299,"4,32288070130109","25317,1532426293","3964959,79512135"
1157,299,"4,32288070130109","24885,1121750947","3989844,90729645"
1158,299,"4,32288070130109","20245,0131779215","4010089,92047437"
1159,299,"4,32288070130109","23305,1887960379","4033395,10927041"
1160,299,"4,32288070130109","20161,7946219516","4053556,90389236"
1161,299,"4,32288070130109","25632,580067106","4079189,48395946"
1162,148,"4,32288070130109","13710,3034026456","4092899,78736211"
1163,299,"4,32288070130109","20099,7823439705","4112999,56970608"
1164,299,"4,32288070130109","22239,5883686841","4135239,15807476"
1165,299,"4,32288070130109","24785,8000603468","4160024,95813511"
1166,97,"4,32288070130109","10329,4652586878","4170354,4233938"
1167,299,"4,32288070130109","29204,2125899816","4199558,63598378"
1168,299,"4,32288070130109","27382,3404068305","4226940,97639061"
1169,121,"4,32288070130109","3223,60497539238","4230164,581366"
1170,299,"4,32288070130109","30168,0882958423","4260332,66966184"
1171,299,"4,32288070130109","27318,5677029426","4287651,23736479"
1172,299,"4,32288070130109","15381,9458861648","4303033,18325095"
1173,299,"4,32288070130109","26404,8049504461","4329437,9882014"
1174,299,"4,32288070130109","22718,5974043578","4352156,58560576"
1175,76,"4,32288070130109","-7779,0267941789","4344377,55881158"
1176,299,"4,32288070130109","-28622,1703510618","4315755,38846051"
1177,299,"4,32288070130109","16352,0992779068","4332107,48773842"
1178,49,"4,32288070130109","6368,18959758208","4338475,677336"
1179,24,"4,32288070130109","3852,34061501583","4342328,01795102"
1180,165,"4,32288070130109","13476,0876261855","4355804,10557721"
1181,299,"4,32288070130109","27923,5232338837","4383727,62881109"
1182,142,"4,32288070130109","15078,525178667","4398806,15398976"
1183,299,"4,32288070130109","25352,926472264","4424159,08046202"
1184,299,"4,32288070130109","19203,2932822875","4443362,37374431"
1185,243,"4,32288070130109","-706,690947936655","4442655,68279637"
1186,106,"4,32288070130109","12673,6686884123","4455329,35148478"
1187,93,"4,32288070130109","-1503,37228939953","4453825,97919538"
1188,299,"4,32288070130109","25762,5022888003","4479588,48148418"
1189,273,"4,32288070130109","23635,7250829292","4503224,20656711"
1190,266,"4,32288070130109","1411,69581393299","4504635,90238105"
1191,299,"4,32288070130109","25922,5922703638","4530558,49465141"
1192,174,"4,32288070130109","6073,53134145815","4536632,02599287"
1193,137,"4,32288070130109","14283,9505391568","4550915,97653203"
1194,299,"4,32288070130109","19825,3582021527","4570741,33473418"
1195,299,"4,32288070130109","26486,221351014","4597227,55608519"
1196,299,"4,32288070130109","25456,9475674342","4622684,50365263"
1197,299,"4,32288070130109","24521,4586559058","4647205,96230853"
1198,229,"4,32288070130109","-875,878572712347","4646330,08373582"
1199,299,"4,32288070130109","21271,6172099288","4667601,70094575"
1200,299,"4,32288070130109","20003,0585628668","4687604,75950861"
1201,8,"4,10673666623604","2343,77132150427","4689948,53083012"
1202,260,"4,10673666623604","10943,6659602202","4700892,19679034"
1203,299,"4,10673666623604","29515,3133254417","4730407,51011578"
1204,299,"4,10673666623604","22992,7220748927","4753400,23219067"
1205,299,"4,10673666623604","28046,7235880646","4781446,95577874"
1206,299,"4,10673666623604","23881,2927798335","4805328,24855857"
1207,0,"4,10673666623604",-10000,"4795328,24855857"
1208,62,"4,10673666623604","6856,86678076555","4802185,11533934"
1209,299,"4,10673666623604","24750,5332575393","4826935,64859688"
1210,299,"4,10673666623604","21010,8537425632","4847946,50233944"
1211,299,"4,10673666623604","14638,0496448805","4862584,55198432"
1212,11,"4,10673666623604","2663,30463984629","4865247,85662417"
1213,180,"4,10673666623604","13809,7814601226","4879057,63808429"
1214,299,"4,10673666623604","25575,7940068812","4904633,43209117"
1215,299,"4,10673666623604","18777,5232291744","4923410,95532034"
1216,299,"4,10673666623604","16407,4505987553","4939818,4059191"
1217,299,"4,10673666623604","28885,9992497685","4968704,40516887"
1218,299,"4,10673666623604","22331,7803162091","4991036,18548508"
1219,299,"4,10673666623604","23736,7051565309","5014772,89064161"
1220,299,"4,10673666623604","26296,6393678696","5041069,53000948"
1221,78,"4,10673666623604","8876,34097406068","5049945,87098354"
1222,274,"4,10673666623604","27505,9531503408","5077451,82413388"
1223,299,"4,10673666623604","23877,355338248","5101329,17947213"
1224,75,"4,10673666623604","8156,8582948217","5109486,03776695"
1225,10,"4,10673666623604","2658,66137208136","5112144,69913903"
1226,3,"4,10673666623604","1815,60579020666","5113960,30492924"
1227,299,"4,10673666623604","22285,5986346749","5136245,90356391"
1228,203,"4,10673666623604","9657,04822369675","5145902,95178761"
1229,299,"4,10673666623604","25264,2950305858","5171167,24681819"
1230,137,"4,10673666623604","204,822477107458","5171372,0692953"
1231,299,"4,10673666623604","19487,0465619306","5190859,11585723"
1232,98,"4,10673666623604","11695,0597183388","5202554,17557557"
1233,299,"4,10673666623604","24710,5257166084","5227264,70129218"
1234,233,"4,10673666623604","12509,5496545705","5239774,25094675"
1235,299,"4,10673666623604","28148,1281202889","5267922,37906704"
1236,299,"4,10673666623604","13785,6023572892","5281707,98142433"
1237,299,"4,10673666623604","29842,6886656667","5311550,67008999"
1238,299,"4,10673666623604","19415,4608103746","5330966,13090037"
1239,75,"4,10673666623604","8701,72328063074","5339667,854181"
1240,299,"4,10673666623604","28419,8001277087","5368087,65430871"
1241,54,"4,10673666623604","6684,34962939036","5374772,0039381"
1242,299,"4,10673666623604","26748,4426558423","5401520,44659394"
1243,299,"4,10673666623604","23213,304022298","5424733,75061624"
1244,299,"4,10673666623604","24563,947589594","5449297,69820583"
1245,299,"4,10673666623604","27511,6199231426","5476809,31812898"
1246,299,"4,10673666623604","13016,8520271131","5489826,17015609"
1247,299,"4,10673666623604","19654,7528309817","5509480,92298707"
1248,104,"4,10673666623604","11006,2401710478","5520487,16315812"
1249,299,"4,10673666623604","24108,8571727468","5544596,02033087"
1250,291,"4,10673666623604","2284,16193207229","5546880,18226294"
1251,299,"3,90139983292424","19304,3397255203","5566184,52198846"
1252,299,"3,90139983292424","21410,7757003535","5587595,29768881"
1253,299,"3,90139983292424","26778,9542572397","5614374,25194605"
1254,299,"3,90139983292424","23798,8691554042","5638173,12110146"
1255,299,"3,90139983292424","22722,3736699285","5660895,49477138"
1256,153,"3,90139983292424","14261,1734586576","5675156,66823004"
1257,299,"3,90139983292424","24538,7885148031","5699695,45674484"
1258,299,"3,90139983292424","25792,1435131809","5725487,60025803"
1259,299,"3,90139983292424","27391,0284723037","5752878,62873033"
1260,299,"3,90139983292424","23151,9091103817","5776030,53784071"
1261,200,"3,90139983292424","6407,64564791352","5782438,18348862"
1262,299,"3,90139983292424","23325,5793942721","5805763,7628829"
1263,33,"3,90139983292424","4830,65267609035","5810594,41555899"
1264,299,"3,90139983292424","29175,5077936537","5839769,92335264"
1265,299,"3,90139983292424","24708,2892530037","5864478,21260564"
1266,299,"3,90139983292424","22687,9177100342","5887166,13031568"
1267,299,"3,90139983292424","26995,6175795546","5914161,74789523"
1268,299,"3,90139983292424","25277,0333416518","5939438,78123688"
1269,299,"3,90139983292424","-37288,2616508101","5902150,51958607"
1270,11,"3,90139983292424","2642,81489897201","5904793,33448505"
1271,299,"3,90139983292424","26516,5463546007","5931309,88083965"
1272,299,"3,90139983292424","21646,1318926675","5952956,01273231"
1273,77,"3,90139983292424","8649,55994505888","5961605,57267737"
1274,299,"3,90139983292424","23419,4102653087","5985024,98294268"
1275,188,"3,90139983292424","18986,9594797394","6004011,94242242"
1276,299,"3,90139983292424","24252,7290147374","6028264,67143716"
1277,299,"3,90139983292424","17878,0902272366","6046142,7616644"
1278,299,"3,90139983292424","22505,5107352841","6068648,27239968"
1279,299,"3,90139983292424","25541,8297694816","6094190,10216916"
1280,85,"3,90139983292424","10003,0359505738","6104193,13811974"
1281,16,"3,90139983292424","3190,44625796076","6107383,5843777"
1282,238,"3,90139983292424","11464,2091692647","6118847,79354696"
1283,299,"3,90139983292424","27253,9785037223","6146101,77205068"
1284,299,"3,90139983292424","22752,1332168337","6168853,90526752"
1285,299,"3,90139983292424","24139,5815929172","6192993,48686044"
1286,179,"3,90139983292424","17278,7371843457","6210272,22404478"
1287,75,"3,90139983292424","-2745,24922873072","6207526,97481605"
1288,299,"3,90139983292424","25746,4168308438","6233273,39164689"
1289,23,"3,90139983292424","3766,62060716745","6237040,01225406"
1290,299,"3,90139983292424","19510,0506911617","6256550,06294522"
1291,31,"3,90139983292424","4190,00735822318","6260740,07030345"
1292,299,"3,90139983292424","25434,853592638","6286174,92389608"
1293,32,"3,90139983292424","4817,99839881619","6290992,9222949"
1294,127,"3,90139983292424","13653,589409318","6304646,51170422"
1295,299,"3,90139983292424","25930,4263392314","6330576,93804345"
1296,35,"3,90139983292424","5258,07203798728","6335835,01008144"
1297,183,"3,90139983292424","18060,0850070081","6353895,09508844"
1298,299,"3,90139983292424","25123,1898525505","6379018,284941"
1299,299,"3,90139983292424","27548,9076394968","6406567,19258049"
1300,258,"3,90139983292424","8692,23119297846","6415259,42377347"
1301,299,"3,70632984127802","18728,10780058","6433987,53157405"
1302,23,"3,70632984127802","3806,93602698708","6437794,46760104"
1303,283,"3,70632984127802","14037,9427060768","6451832,41030711"
1304,299,"3,70632984127802","27277,603713607","6479110,01402072"
1305,299,"3,70632984127802","15155,0140558039","6494265,02807652"
1306,299,"3,70632984127802","24341,9404570298","6518606,96853356"
1307,299,"3,70632984127802","23414,4356151209","6542021,40414868"
1308,299,"3,70632984127802","28183,6248723149","6570205,02902099"
1309,114,"3,70632984127802","9542,89492322514","6579747,92394422"
1310,237,"3,70632984127802","3129,47514651675","6582877,39909073"
1311,105,"3,70632984127802","-1244,60310788423","6581632,79598285"
1312,299,"3,70632984127802","26989,3121634538","6608622,1081463"
1313,299,"3,70632984127802","24970,9425958684","6633593,05074217"
1314,29,"3,70632984127802","4587,69698503609","6638180,74772721"
1315,299,"3,70632984127802","20608,4902867307","6658789,23801394"
1316,95,"3,70632984127802","10332,5754361773","6669121,81345011"
1317,299,"3,70632984127802","22956,5264642825","6692078,3399144"
1318,31,"3,70632984127802","4747,40909847313","6696825,74901287"
1319,70,"3,70632984127802","7150,13184463874","6703975,88085751"
1320,299,"3,70632984127802","27100,137478927","6731076,01833644"
1321,299,"3,70632984127802","21834,1682838395","6752910,18662028"
1322,299,"3,70632984127802","25417,7740819909","6778327,96070227"
1323,113,"3,70632984127802","10988,6694408645","6789316,63014313"
1324,299,"3,70632984127802","23501,3981669488","6812818,02831008"
1325,299,"3,70632984127802","23441,3735862773","6836259,40189636"
1326,0,"3,70632984127802",-10000,"6826259,40189636"
1327,56,"3,70632984127802","6531,92160775125","6832791,32350411"
1328,0,"3,70632984127802",-10000,"6822791,32350411"
1329,0,"3,70632984127802",-10000,"6812791,32350411"
1330,278,"3,70632984127802","12839,8981799822","6825631,22168409"
1331,0,"3,70632984127802",-10000,"6815631,22168409"
1332,236,"3,70632984127802","10690,7553821923","6826321,97706628"
1333,299,"3,70632984127802","21622,7503256178","6847944,7273919"
1334,299,"3,70632984127802","23479,3385394681","6871424,06593137"
1335,38,"3,70632984127802","4842,38660795252","6876266,45253932"
1336,196,"3,70632984127802","14119,4538709827","6890385,90641031"
1337,237,"3,70632984127802","-1352,60197218343","6889033,30443812"
1338,299,"3,70632984127802","22206,1344690546","6911239,43890718"
1339,98,"3,70632984127802","4404,13582151707","6915643,57472869"
1340,299,"3,70632984127802","20949,5495569899","6936593,12428568"
1341,299,"3,70632984127802","24114,231774464","6960707,35606015"
1342,299,"3,70632984127802","24850,1645836871","6985557,52064383"
1343,19,"3,70632984127802","3715,81199398441","6989273,33263782"
1344,299,"3,70632984127802","25711,2019405224","7014984,53457834"
1345,151,"3,70632984127802","13637,9725151279","7028622,50709347"
1346,127,"3,70632984127802","973,479638191651","7029595,98673166"
1347,299,"3,70632984127802","17119,9084327094","7046715,89516437"
1348,299,"3,70632984127802","10089,1765413235","7056805,07170569"
1349,42,"3,70632984127802","5680,252162824","7062485,32386852"
1350,284,"3,70632984127802","16593,2570603413","7079078,58092886"
1351,299,"3,52101334921412","21917,2718867276","7100995,85281559"
1352,177,"3,52101334921412","18357,5021279768","7119353,35494356"
1353,104,"3,52101334921412","11265,5191626979","7130618,87410626"
1354,0,"3,52101334921412",-10000,"7120618,87410626"
1355,237,"3,52101334921412","9452,78821693571","7130071,6623232"
1356,299,"3,52101334921412","21510,5662409829","7151582,22856418"
1357,299,"3,52101334921412","25303,2143203072","7176885,44288449"
1358,230,"3,52101334921412","21747,0392004617","7198632,48208495"
1359,299,"3,52101334921412","26973,7720104096","7225606,25409536"
1360,299,"3,52101334921412","19190,6159547336","7244796,87005009"
1361,299,"3,52101334921412","24361,93875016","7269158,80880025"
1362,267,"3,52101334921412","24847,0002198788","7294005,80902013"
1363,299,"3,52101334921412","29749,1057445688","7323754,9147647"
1364,299,"3,52101334921412","14240,118641589","7337995,03340629"
1365,299,"3,52101334921412","25703,2292491492","7363698,26265544"
1366,139,"3,52101334921412","12450,5121632551","7376148,77481869"
1367,131,"3,52101334921412","13937,0100681804","7390085,78488687"
1368,16,"3,52101334921412","3157,99194143625","7393243,77682831"
1369,249,"3,52101334921412","23082,2898419014","7416326,06667021"
1370,299,"3,52101334921412","18285,5341978429","7434611,60086805"
1371,299,"3,52101334921412","26392,4501415723","7461004,05100963"
1372,299,"3,52101334921412","26706,6094041461","7487710,66041377"
1373,0,"3,52101334921412",-10000,"7477710,66041377"
1374,0,"3,52101334921412",-10000,"7467710,66041377"
1375,0,"3,52101334921412",-10000,"7457710,66041377"
1376,0,"3,52101334921412",-10000,"7447710,66041377"
1377,0,"3,52101334921412",-10000,"7437710,66041377"
1378,0,"3,52101334921412",-10000,"7427710,66041377"
1379,0,"3,52101334921412",-10000,"7417710,66041377"
1380,0,"3,52101334921412",-10000,"7407710,66041377"
1381,0,"3,52101334921412",-10000,"7397710,66041377"
1382,0,"3,52101334921412",-10000,"7387710,66041377"
1383,233,"3,52101334921412","12036,9161733441","7399747,57658712"
1384,299,"3,52101334921412","15706,7572901067","7415454,33387722"
1385,299,"3,52101334921412","24639,9641504878","7440094,29802771"
1386,144,"3,52101334921412","14472,9018358321","7454567,19986354"
1387,299,"3,52101334921412","28104,281947733","7482671,48181128"
1388,36,"3,52101334921412","4808,78226008655","7487480,26407136"
1389,299,"3,52101334921412","27645,9070164774","7515126,17108784"
1390,187,"3,52101334921412","17884,4687522699","7533010,63984011"
1391,299,"3,52101334921412","27532,2007787672","7560542,84061888"
1392,299,"3,52101334921412","24522,283784319","7585065,12440319"
1393,299,"3,52101334921412","22717,8200945447","7607782,94449774"
1394,299,"3,52101334921412","22526,3809363828","7630309,32543412"
1395,54,"3,52101334921412","-4975,44158475058","7625333,88384937"
1396,299,"3,52101334921412","27896,6915356533","7653230,57538502"
1397,299,"3,52101334921412","23171,0588494141","7676401,63423444"
1398,299,"3,52101334921412","16173,3487999018","7692574,98303434"
1399,299,"3,52101334921412","23239,3727957692","7715814,35583011"
1400,176,"3,52101334921412","4309,93941511046","7720124,29524522"
1401,30,"3,34496268175342","4959,67368780206","7725083,96893302"
1402,299,"3,34496268175342","27821,9761647227","7752905,94509774"
1403,299,"3,34496268175342","24587,7900474422","7777493,73514519"
1404,187,"3,34496268175342","5741,7206013496","7783235,45574654"
1405,44,"3,34496268175342","5731,0287266449","7788966,48447318"
1406,13,"3,34496268175342","2961,03587502762","7791927,52034821"
1407,190,"3,34496268175342","13627,9837410776","7805555,50408929"
1408,81,"3,34496268175342","9798,07874703799","7815353,58283632"
1409,299,"3,34496268175342","23392,0307792255","7838745,61361555"
1410,299,"3,34496268175342","29658,4567268618","7868404,07034241"
1411,299,"3,34496268175342","25719,6325276306","7894123,70287004"
1412,299,"3,34496268175342","28610,0251220831","7922733,72799213"
1413,299,"3,34496268175342","22409,0654916473","7945142,79348377"
1414,299,"3,34496268175342","25730,4056315287","7970873,1991153"
1415,299,"3,34496268175342","25285,650552191","7996158,84966749"
1416,119,"3,34496268175342","13735,6153829131","8009894,46505041"
1417,254,"3,34496268175342","18724,1862392894","8028618,6512897"
1418,299,"3,34496268175342","26161,9375354471","8054780,58882514"
1419,299,"3,34496268175342","9963,51927769036","8064744,10810283"
1420,247,"3,34496268175342","9125,33218103448","8073869,44028387"
1421,299,"3,34496268175342","27763,7689028476","8101633,20918671"
1422,299,"3,34496268175342","22211,8343237278","8123845,04351044"
1423,299,"3,34496268175342","23339,8638127632","8147184,9073232"
1424,287,"3,34496268175342","9686,9113991788","8156871,81872239"
1425,62,"3,34496268175342","7785,54630779437","8164657,36503018"
1426,229,"3,34496268175342","5410,36218934588","8170067,72721953"
1427,165,"3,34496268175342","16183,5681755542","8186251,29539508"
1428,299,"3,34496268175342","25286,6945968767","8211537,98999196"
1429,166,"3,34496268175342","18618,8958055054","8230156,88579746"
1430,299,"3,34496268175342","28577,1328881694","8258734,01868563"
1431,25,"3,34496268175342","3632,33930887264","8262366,3579945"
1432,47,"3,34496268175342","6507,98424043915","8268874,34223494"
1433,70,"3,34496268175342","8381,96659569372","8277256,30883064"
1434,228,"3,34496268175342","23807,4483105688","8301063,7571412"
1435,11,"3,34496268175342","2775,48583435685","8303839,24297556"
1436,299,"3,34496268175342","23426,6340243668","8327265,87699993"
1437,299,"3,34496268175342","24843,2952888447","8352109,17228877"
1438,58,"3,34496268175342","6576,55267509672","8358685,72496387"
1439,299,"3,34496268175342","28101,4000443494","8386787,12500822"
1440,299,"3,34496268175342","24393,7261077423","8411180,85111596"
1441,61,"3,34496268175342","8035,98471281925","8419216,83582878"
1442,299,"3,34496268175342","29041,181552121","8448258,0173809"
1443,299,"3,34496268175342","21563,3018478536","8469821,31922875"
1444,143,"3,34496268175342","14170,5940674813","8483991,91329623"
1445,299,"3,34496268175342","27158,4114753774","8511150,32477161"
1446,81,"3,34496268175342","7433,4349194938","8518583,7596911"
1447,299,"3,34496268175342","27003,7749390168","8545587,53463012"
1448,299,"3,34496268175342","24410,2010226653","8569997,73565279"
1449,194,"3,34496268175342","17628,9394073329","8587626,67506012"
1450,299,"3,34496268175342","22982,790728312","8610609,46578843"
1451,299,"3,17771454766574","28186,7422498897","8638796,20803832"
1452,299,"3,17771454766574","25880,1191147074","8664676,32715303"
1453,180,"3,17771454766574","18525,0408290305","8683201,36798206"
1454,15,"3,17771454766574","3061,98103824669","8686263,34902031"
1455,299,"3,17771454766574","27030,7915825195","8713294,14060283"
1456,71,"3,17771454766574","4814,44270156082","8718108,58330439"
1457,299,"3,17771454766574","27522,3843469136","8745630,9676513"
1458,299,"3,17771454766574","20412,2425051365","8766043,21015644"
1459,299,"3,17771454766574","28331,6929700951","8794374,90312653"
1460,299,"3,17771454766574","20482,8396832582","8814857,74280979"
1461,299,"3,17771454766574","25520,163412237","8840377,90622203"
1462,255,"3,17771454766574","5290,20609306265","8845668,11231509"
1463,299,"3,17771454766574","24022,4626567828","8869690,57497188"
1464,299,"3,17771454766574","24693,4444805533","8894384,01945243"
1465,115,"3,17771454766574","11790,1099433537","8906174,12939578"
1466,299,"3,17771454766574","23931,7186000038","8930105,84799579"
1467,299,"3,17771454766574","21869,1624289531","8951975,01042474"
1468,279,"3,17771454766574","16498,607509672","8968473,61793441"
1469,119,"3,17771454766574","12968,7036296251","8981442,32156404"
1470,76,"3,17771454766574","9061,67327220184","8990503,99483624"
1471,299,"3,17771454766574","25254,1441729511","9015758,13900919"
1472,299,"3,17771454766574","24958,1792487081","9040716,3182579"
1473,299,"3,17771454766574","23619,6736668674","9064335,99192476"
1474,299,"3,17771454766574","25556,616752972","9089892,60867774"
1475,299,"3,17771454766574","23886,2862904616","9113778,8949682"
1476,291,"3,17771454766574","28137,850081195","9141916,74504939"
1477,299,"3,17771454766574","23316,2956891881","9165233,04073858"
1478,19,"3,17771454766574","3366,60902755513","9168599,64976614"
1479,98,"3,17771454766574","9811,75956780402","9178411,40933394"
1480,299,"3,17771454766574","24206,3679148829","9202617,77724882"
1481,299,"3,17771454766574","26541,3343326388","9229159,11158146"
1482,299,"3,17771454766574","30951,0547474324","9260110,1663289"
1483,299,"3,17771454766574","21270,0863481254","9281380,25267702"
1484,299,"3,17771454766574","17995,9560154759","9299376,2086925"
1485,299,"3,17771454766574","21998,0418516047","9321374,2505441"
1486,166,"3,17771454766574","17145,508945195","9338519,7594893"
1487,136,"3,17771454766574","14563,6504660219","9353083,40995532"
1488,53,"3,17771454766574","6878,96273431455","9359962,37268963"
1489,299,"3,17771454766574","23872,9983024218","9383835,37099205"
1490,299,"3,17771454766574","25178,1472881202","9409013,51828017"
1491,108,"3,17771454766574","-169,316037852692","9408844,20224232"
1492,299,"3,17771454766574","26044,7688007854","9434888,97104311"
1493,299,"3,17771454766574","23809,1229259575","9458698,09396906"
1494,299,"3,17771454766574","16275,9090606807","9474974,00302975"
1495,299,"3,17771454766574","26527,1546399842","9501501,15766973"
1496,299,"3,17771454766574","25411,6282000598","9526912,78586979"
1497,299,"3,17771454766574","18680,9199214507","9545593,70579124"
1498,299,"3,17771454766574","26057,4044367674","9571651,11022801"
1499,213,"3,17771454766574","5189,90069632605","9576841,01092433"
