Episode,Steps Done,Epsilon,Instant Reward,Cummulative Reward
0,14,5.041995277796873,2598.8080759993904,1464503.9117658308
1,198,5.041995277796873,4212.870048047951,1468716.7818138788
2,66,5.041995277796873,8050.153836579611,1476766.9356504583
3,34,5.041995277796873,5074.594298572525,1481841.5299490308
4,299,5.041995277796873,19729.578716955777,1501571.1086659867
5,299,5.041995277796873,14338.071953744316,1515909.180619731
6,161,5.041995277796873,-14534.34252317286,1501374.838096558
7,114,5.041995277796873,11443.160670365694,1512817.9987669238
8,103,5.041995277796873,11457.6492075663,1524275.6479744902
9,299,5.041995277796873,25341.852292815936,1549617.500267306
10,299,5.041995277796873,27853.640760820286,1577471.1410281265
11,274,5.041995277796873,29998.001562439196,1607469.1425905656
12,299,5.041995277796873,25957.372128209845,1633426.5147187754
13,163,5.041995277796873,6070.359126695439,1639496.8738454708
14,299,5.041995277796873,11455.634708333238,1650952.5085538041
15,299,5.041995277796873,10300.654841461628,1661253.1633952658
16,267,5.041995277796873,16915.96800567839,1678169.1314009442
17,138,5.041995277796873,14072.212920887885,1692241.344321832
18,171,5.041995277796873,4317.924062813352,1696559.2683846455
19,285,5.041995277796873,8328.127797514611,1704887.3961821601
20,106,5.041995277796873,11042.363261231001,1715929.759443391
21,15,5.041995277796873,3173.630800221489,1719103.3902436127
22,299,5.041995277796873,25909.345217914713,1745012.7354615275
23,299,5.041995277796873,24226.82552678755,1769239.560988315
24,220,5.041995277796873,12099.053462576254,1781338.6144508913
25,299,5.041995277796873,17868.948621181014,1799207.5630720723
26,148,5.041995277796873,14955.083768753522,1814162.646840826
27,106,5.041995277796873,5846.959638190048,1820009.606479016
28,225,5.041995277796873,-1793.9779997844344,1818215.6284792314
29,299,5.041995277796873,28226.744418070248,1846442.3728973016
30,50,5.041995277796873,5743.310521673909,1852185.6834189754
31,299,5.041995277796873,23959.881049793028,1876145.5644687684
32,299,5.041995277796873,-3944.2371079449863,1872201.3273608235
33,299,5.041995277796873,22882.573455572794,1895083.9008163963
34,299,5.041995277796873,8102.915701890517,1903186.816518287
35,299,5.041995277796873,-518.4762937604953,1902668.3402245264
36,107,5.041995277796873,11168.722831007253,1913837.0630555337
37,39,5.041995277796873,5098.615820672276,1918935.678876206
38,299,5.041995277796873,24634.849897386885,1943570.528773593
39,299,5.041995277796873,27284.01816383658,1970854.5469374296
40,47,5.041995277796873,-6273.193409820853,1964581.3535276088
41,277,5.041995277796873,22517.836399748016,1987099.1899273568
42,299,5.041995277796873,23289.56119494328,2010388.7511223
43,171,5.041995277796873,18186.255136404936,2028575.006258705
44,93,5.041995277796873,-720.9504035097762,2027854.0558551953
45,299,5.041995277796873,16685.90461116753,2044539.9604663628
46,299,5.041995277796873,22961.213265369945,2067501.1737317326
47,299,5.041995277796873,22450.099152211245,2089951.272883944
48,299,5.041995277796873,25316.053440663956,2115267.3263246077
49,114,5.041995277796873,-5040.036921128965,2110227.2894034786
50,299,5.041995277796873,20017.949224220345,2130245.2386276987
51,299,4.7898955139070285,21565.256690919,2151810.4953186177
52,299,4.7898955139070285,27054.809946902034,2178865.30526552
53,268,4.7898955139070285,16975.947268227035,2195841.252533747
54,299,4.7898955139070285,21249.128759654708,2217090.3812934016
55,299,4.7898955139070285,22180.817146720063,2239271.1984401215
56,235,4.7898955139070285,8011.1501306567225,2247282.348570778
57,34,4.7898955139070285,4947.810060289197,2252230.1586310673
58,90,4.7898955139070285,9788.387423777343,2262018.5460548447
59,159,4.7898955139070285,15946.893812645192,2277965.43986749
60,299,4.7898955139070285,17165.818410017193,2295131.258277507
61,299,4.7898955139070285,25588.72476424414,2320719.983041751
62,299,4.7898955139070285,23867.325073295724,2344587.308115047
63,299,4.7898955139070285,22144.742177028613,2366732.0502920756
64,203,4.7898955139070285,20981.283780212787,2387713.3340722886
65,299,4.7898955139070285,20855.02458326643,2408568.358655555
66,299,4.7898955139070285,26353.579025526447,2434921.9376810817
67,100,4.7898955139070285,10771.854963744925,2445693.7926448267
68,248,4.7898955139070285,22612.08505015085,2468305.8776949774
69,299,4.7898955139070285,19001.6955349094,2487307.573229887
70,299,4.7898955139070285,28236.96756318782,2515544.5407930748
71,113,4.7898955139070285,12993.771816413764,2528538.3126094886
72,88,4.7898955139070285,9449.652670605194,2537987.9652800937
73,299,4.7898955139070285,22620.338598642313,2560608.303878736
74,299,4.7898955139070285,23057.62348429609,2583665.9273630325
75,282,4.7898955139070285,13047.412279130294,2596713.339642163
76,299,4.7898955139070285,27047.383127616427,2623760.722769779
77,299,4.7898955139070285,27474.581180749658,2651235.3039505286
78,299,4.7898955139070285,27236.455302057202,2678471.759252586
79,213,4.7898955139070285,9883.410316325688,2688355.1695689117
80,51,4.7898955139070285,5778.742726259801,2694133.9122951715
81,299,4.7898955139070285,26177.64254376334,2720311.554838935
82,299,4.7898955139070285,22230.588062624345,2742542.1429015594
83,299,4.7898955139070285,22766.653148093665,2765308.796049653
84,299,4.7898955139070285,21840.518898470254,2787149.3149481234
85,299,4.7898955139070285,22408.86707478341,2809558.182022907
86,299,4.7898955139070285,25968.723849809125,2835526.905872716
87,299,4.7898955139070285,27922.12409560236,2863449.0299683185
88,299,4.7898955139070285,27502.435870431284,2890951.46583875
89,30,4.7898955139070285,4441.0287317861375,2895392.494570536
90,299,4.7898955139070285,23837.46825771124,2919229.9628282473
91,299,4.7898955139070285,24974.455063260844,2944204.417891508
92,98,4.7898955139070285,10666.77950422879,2954871.197395737
93,299,4.7898955139070285,-2514.306771595816,2952356.890624141
94,299,4.7898955139070285,19383.76493933711,2971740.655563478
95,74,4.7898955139070285,9747.303595873045,2981487.959159351
96,101,4.7898955139070285,-756.251362986708,2980731.707796364
97,299,4.7898955139070285,28531.366912079393,3009263.0747084436
98,299,4.7898955139070285,24939.57388729956,3034202.6485957433
99,299,4.7898955139070285,14916.485399469198,3049119.1339952126
100,274,4.7898955139070285,24338.06667297729,3073457.2006681897
101,299,4.5504007382116765,20856.67545385741,3094313.876122047
102,299,4.5504007382116765,26947.577980963044,3121261.4541030102
103,299,4.5504007382116765,20570.253602575358,3141831.7077055858
104,299,4.5504007382116765,25483.140801843085,3167314.848507429
105,158,4.5504007382116765,-2043.6734670302421,3165271.1750403987
106,10,4.5504007382116765,2487.172721138182,3167758.347761537
107,53,4.5504007382116765,6246.638728038107,3174004.986489575
108,299,4.5504007382116765,18548.205374919045,3192553.191864494
109,299,4.5504007382116765,26297.950219746137,3218851.14208424
110,299,4.5504007382116765,25237.48885322119,3244088.6309374613
111,299,4.5504007382116765,7441.894954771907,3251530.525892233
112,127,4.5504007382116765,8944.77084370816,3260475.296735941
113,112,4.5504007382116765,9728.070660876174,3270203.367396817
114,299,4.5504007382116765,24693.744102321918,3294897.111499139
115,299,4.5504007382116765,21104.96010347601,3316002.071602615
116,258,4.5504007382116765,9410.245436939458,3325412.3170395545
117,261,4.5504007382116765,-6463.914657143352,3318948.402382411
118,299,4.5504007382116765,23584.709124577836,3342533.1115069888
119,299,4.5504007382116765,26766.668637558912,3369299.7801445476
120,299,4.5504007382116765,-14962.933485050373,3354336.8466594974
121,299,4.5504007382116765,21194.026529800285,3375530.8731892975
122,299,4.5504007382116765,27632.269479069244,3403163.142668367
123,299,4.5504007382116765,16966.83949984007,3420129.982168207
124,299,4.5504007382116765,27944.351161937073,3448074.333330144
125,268,4.5504007382116765,23518.06796399893,3471592.401294143
126,228,4.5504007382116765,9905.486178105846,3481497.8874722486
127,299,4.5504007382116765,25080.152617091277,3506578.04008934
128,260,4.5504007382116765,11659.817238682823,3518237.857328023
129,299,4.5504007382116765,25984.828840579532,3544222.686168602
130,299,4.5504007382116765,23267.035030776067,3567489.7211993784
131,299,4.5504007382116765,22232.79259057045,3589722.513789949
132,299,4.5504007382116765,25216.552125990595,3614939.0659159394
133,42,4.5504007382116765,5064.0731910167015,3620003.1391069563
134,299,4.5504007382116765,27106.099219194628,3647109.238326151
135,251,4.5504007382116765,25755.38640453294,3672864.624730684
136,277,4.5504007382116765,22975.19977112959,3695839.8245018134
137,299,4.5504007382116765,24264.755826322842,3720104.580328136
138,149,4.5504007382116765,15203.93523589158,3735308.5155640277
139,299,4.5504007382116765,24481.340754051165,3759789.856318079
140,47,4.5504007382116765,6141.711755360137,3765931.568073439
141,52,4.5504007382116765,6040.532484695752,3771972.1005581347
142,299,4.5504007382116765,5499.849578505093,3777471.9501366396
143,17,4.5504007382116765,3202.666830358569,3780674.616966998
144,222,4.5504007382116765,23389.173022245337,3804063.7899892437
145,299,4.5504007382116765,-1934.1326542947413,3802129.657334949
146,260,4.5504007382116765,574.9773731028035,3802704.6347080516
147,299,4.5504007382116765,12628.334766070426,3815332.969474122
148,299,4.5504007382116765,24353.74912938408,3839686.718603506
149,130,4.5504007382116765,1756.78585459259,3841443.5044580987
150,100,4.5504007382116765,11179.27095110286,3852622.7754092016
151,120,4.322880701301092,174.28925294169494,3852797.064662143
152,299,4.322880701301092,24362.422607437627,3877159.487269581
153,299,4.322880701301092,21812.411033399236,3898971.8983029802
154,299,4.322880701301092,23986.334604463635,3922958.232907444
155,299,4.322880701301092,16684.408971277284,3939642.641878721
156,299,4.322880701301092,25317.153242629334,3964959.7951213503
157,299,4.322880701301092,24885.112175094673,3989844.907296445
158,299,4.322880701301092,20245.013177921508,4010089.9204743668
159,299,4.322880701301092,23305.188796037877,4033395.1092704046
160,299,4.322880701301092,20161.79462195165,4053556.9038923564
161,299,4.322880701301092,25632.580067106024,4079189.4839594625
162,148,4.322880701301092,13710.303402645552,4092899.787362108
163,299,4.322880701301092,20099.782343970524,4112999.5697060786
164,299,4.322880701301092,22239.588368684083,4135239.1580747627
165,299,4.322880701301092,24785.80006034678,4160024.9581351094
166,97,4.322880701301092,10329.465258687753,4170354.423393797
167,299,4.322880701301092,29204.21258998165,4199558.635983779
168,299,4.322880701301092,27382.34040683045,4226940.9763906095
169,121,4.322880701301092,3223.604975392378,4230164.581366002
170,299,4.322880701301092,30168.088295842255,4260332.669661844
171,299,4.322880701301092,27318.567702942626,4287651.237364787
172,299,4.322880701301092,15381.94588616482,4303033.183250952
173,299,4.322880701301092,26404.804950446112,4329437.9882013975
174,299,4.322880701301092,22718.597404357773,4352156.585605755
175,76,4.322880701301092,-7779.026794178897,4344377.558811576
176,299,4.322880701301092,-28622.170351061814,4315755.388460514
177,299,4.322880701301092,16352.099277906796,4332107.487738421
178,49,4.322880701301092,6368.1895975820835,4338475.677336004
179,24,4.322880701301092,3852.3406150158303,4342328.017951019
180,165,4.322880701301092,13476.087626185543,4355804.105577204
181,299,4.322880701301092,27923.5232338837,4383727.628811088
182,142,4.322880701301092,15078.525178667049,4398806.153989756
183,299,4.322880701301092,25352.92647226405,4424159.08046202
184,299,4.322880701301092,19203.2932822875,4443362.373744307
185,243,4.322880701301092,-706.690947936655,4442655.68279637
186,106,4.322880701301092,12673.66868841233,4455329.351484783
187,93,4.322880701301092,-1503.3722893995255,4453825.979195383
188,299,4.322880701301092,25762.502288800322,4479588.481484184
189,273,4.322880701301092,23635.72508292916,4503224.206567113
190,266,4.322880701301092,1411.6958139329945,4504635.902381047
191,299,4.322880701301092,25922.59227036381,4530558.494651411
192,174,4.322880701301092,6073.53134145815,4536632.0259928685
193,137,4.322880701301092,14283.950539156758,4550915.976532025
194,299,4.322880701301092,19825.35820215274,4570741.334734178
195,299,4.322880701301092,26486.221351013966,4597227.556085192
196,299,4.322880701301092,25456.947567434177,4622684.503652626
197,299,4.322880701301092,24521.458655905848,4647205.962308532
198,229,4.322880701301092,-875.8785727123468,4646330.083735819
199,299,4.322880701301092,21271.61720992882,4667601.700945748
200,299,4.322880701301092,20003.0585628668,4687604.759508614
201,8,4.106736666236038,2343.7713215042704,4689948.530830119
202,260,4.106736666236038,10943.665960220242,4700892.196790339
203,299,4.106736666236038,29515.31332544167,4730407.510115781
204,299,4.106736666236038,22992.722074892732,4753400.232190673
205,299,4.106736666236038,28046.723588064553,4781446.955778738
206,299,4.106736666236038,23881.292779833504,4805328.248558571
207,0,4.106736666236038,-10000.0,4795328.248558571
208,62,4.106736666236038,6856.866780765545,4802185.115339336
209,299,4.106736666236038,24750.533257539333,4826935.648596875
210,299,4.106736666236038,21010.85374256323,4847946.502339439
211,299,4.106736666236038,14638.04964488052,4862584.551984319
212,11,4.106736666236038,2663.304639846291,4865247.856624166
213,180,4.106736666236038,13809.781460122585,4879057.638084288
214,299,4.106736666236038,25575.79400688116,4904633.432091169
215,299,4.106736666236038,18777.523229174443,4923410.955320343
216,299,4.106736666236038,16407.45059875529,4939818.405919098
217,299,4.106736666236038,28885.999249768498,4968704.405168867
218,299,4.106736666236038,22331.780316209108,4991036.185485076
219,299,4.106736666236038,23736.70515653092,5014772.890641607
220,299,4.106736666236038,26296.639367869615,5041069.530009477
221,78,4.106736666236038,8876.340974060677,5049945.870983538
222,274,4.106736666236038,27505.95315034078,5077451.824133879
223,299,4.106736666236038,23877.355338248017,5101329.179472127
224,75,4.106736666236038,8156.8582948217,5109486.037766948
225,10,4.106736666236038,2658.6613720813643,5112144.69913903
226,3,4.106736666236038,1815.6057902066582,5113960.304929236
227,299,4.106736666236038,22285.59863467493,5136245.903563911
228,203,4.106736666236038,9657.048223696747,5145902.951787608
229,299,4.106736666236038,25264.295030585818,5171167.246818193
230,137,4.106736666236038,204.82247710745833,5171372.069295301
231,299,4.106736666236038,19487.046561930576,5190859.115857231
232,98,4.106736666236038,11695.059718338829,5202554.17557557
233,299,4.106736666236038,24710.525716608357,5227264.701292179
234,233,4.106736666236038,12509.549654570477,5239774.250946749
235,299,4.106736666236038,28148.128120288948,5267922.379067038
236,299,4.106736666236038,13785.602357289235,5281707.981424327
237,299,4.106736666236038,29842.688665666723,5311550.670089994
238,299,4.106736666236038,19415.460810374603,5330966.130900368
239,75,4.106736666236038,8701.723280630737,5339667.854180999
240,299,4.106736666236038,28419.80012770871,5368087.654308707
241,54,4.106736666236038,6684.349629390357,5374772.0039380975
242,299,4.106736666236038,26748.442655842293,5401520.44659394
243,299,4.106736666236038,23213.304022297973,5424733.750616238
244,299,4.106736666236038,24563.94758959396,5449297.698205832
245,299,4.106736666236038,27511.61992314261,5476809.318128975
246,299,4.106736666236038,13016.852027113104,5489826.170156089
247,299,4.106736666236038,19654.752830981724,5509480.92298707
248,104,4.106736666236038,11006.240171047773,5520487.163158118
249,299,4.106736666236038,24108.857172746822,5544596.020330865
250,291,4.106736666236038,2284.161932072291,5546880.182262938
251,299,3.9013998329242354,19304.33972552027,5566184.521988458
252,299,3.9013998329242354,21410.775700353493,5587595.297688811
253,299,3.9013998329242354,26778.95425723966,5614374.251946051
254,299,3.9013998329242354,23798.869155404183,5638173.121101455
255,299,3.9013998329242354,22722.373669928467,5660895.494771384
256,153,3.9013998329242354,14261.173458657635,5675156.668230041
257,299,3.9013998329242354,24538.788514803113,5699695.456744844
258,299,3.9013998329242354,25792.143513180916,5725487.600258025
259,299,3.9013998329242354,27391.02847230366,5752878.628730329
260,299,3.9013998329242354,23151.909110381683,5776030.53784071
261,200,3.9013998329242354,6407.645647913516,5782438.183488623
262,299,3.9013998329242354,23325.57939427207,5805763.762882896
263,33,3.9013998329242354,4830.652676090347,5810594.415558986
264,299,3.9013998329242354,29175.507793653695,5839769.92335264
265,299,3.9013998329242354,24708.28925300368,5864478.212605644
266,299,3.9013998329242354,22687.917710034155,5887166.130315678
267,299,3.9013998329242354,26995.61757955458,5914161.747895232
268,299,3.9013998329242354,25277.033341651757,5939438.781236884
269,299,3.9013998329242354,-37288.26165081015,5902150.519586074
270,11,3.9013998329242354,2642.8148989720125,5904793.334485047
271,299,3.9013998329242354,26516.546354600676,5931309.880839647
272,299,3.9013998329242354,21646.131892667465,5952956.012732314
273,77,3.9013998329242354,8649.559945058878,5961605.572677373
274,299,3.9013998329242354,23419.4102653087,5985024.982942682
275,188,3.9013998329242354,18986.95947973941,6004011.942422421
276,299,3.9013998329242354,24252.729014737375,6028264.671437158
277,299,3.9013998329242354,17878.090227236597,6046142.761664395
278,299,3.9013998329242354,22505.510735284086,6068648.27239968
279,299,3.9013998329242354,25541.829769481574,6094190.102169162
280,85,3.9013998329242354,10003.03595057383,6104193.138119736
281,16,3.9013998329242354,3190.446257960758,6107383.584377697
282,238,3.9013998329242354,11464.209169264741,6118847.793546962
283,299,3.9013998329242354,27253.978503722294,6146101.772050684
284,299,3.9013998329242354,22752.133216833725,6168853.905267518
285,299,3.9013998329242354,24139.581592917228,6192993.486860435
286,179,3.9013998329242354,17278.73718434566,6210272.224044781
287,75,3.9013998329242354,-2745.249228730723,6207526.97481605
288,299,3.9013998329242354,25746.41683084377,6233273.391646894
289,23,3.9013998329242354,3766.620607167453,6237040.012254061
290,299,3.9013998329242354,19510.050691161745,6256550.0629452225
291,31,3.9013998329242354,4190.0073582231835,6260740.070303446
292,299,3.9013998329242354,25434.853592638014,6286174.923896084
293,32,3.9013998329242354,4817.998398816188,6290992.9222949
294,127,3.9013998329242354,13653.589409318034,6304646.511704218
295,299,3.9013998329242354,25930.426339231446,6330576.938043449
296,35,3.9013998329242354,5258.0720379872755,6335835.0100814365
297,183,3.9013998329242354,18060.085007008096,6353895.095088445
298,299,3.9013998329242354,25123.189852550502,6379018.284940995
299,299,3.9013998329242354,27548.9076394968,6406567.192580492
300,258,3.9013998329242354,8692.231192978463,6415259.42377347
301,299,3.7063298412780235,18728.10780057995,6433987.53157405
302,23,3.7063298412780235,3806.9360269870804,6437794.467601037
303,283,3.7063298412780235,14037.942706076847,6451832.410307113
304,299,3.7063298412780235,27277.603713607015,6479110.0140207205
305,299,3.7063298412780235,15155.014055803913,6494265.028076525
306,299,3.7063298412780235,24341.940457029796,6518606.968533555
307,299,3.7063298412780235,23414.43561512088,6542021.4041486755
308,299,3.7063298412780235,28183.62487231486,6570205.02902099
309,114,3.7063298412780235,9542.89492322514,6579747.923944215
310,237,3.7063298412780235,3129.475146516752,6582877.399090732
311,105,3.7063298412780235,-1244.6031078842298,6581632.795982848
312,299,3.7063298412780235,26989.312163453807,6608622.1081463015
313,299,3.7063298412780235,24970.942595868364,6633593.05074217
314,29,3.7063298412780235,4587.696985036088,6638180.747727206
315,299,3.7063298412780235,20608.49028673069,6658789.238013936
316,95,3.7063298412780235,10332.57543617731,6669121.813450114
317,299,3.7063298412780235,22956.526464282513,6692078.339914396
318,31,3.7063298412780235,4747.409098473131,6696825.74901287
319,70,3.7063298412780235,7150.131844638744,6703975.880857509
320,299,3.7063298412780235,27100.137478927023,6731076.018336436
321,299,3.7063298412780235,21834.168283839525,6752910.1866202755
322,299,3.7063298412780235,25417.774081990927,6778327.960702267
323,113,3.7063298412780235,10988.669440864456,6789316.630143131
324,299,3.7063298412780235,23501.398166948766,6812818.02831008
325,299,3.7063298412780235,23441.37358627729,6836259.401896358
326,0,3.7063298412780235,-10000.0,6826259.401896358
327,56,3.7063298412780235,6531.921607751252,6832791.323504109
328,0,3.7063298412780235,-10000.0,6822791.323504109
329,0,3.7063298412780235,-10000.0,6812791.323504109
330,278,3.7063298412780235,12839.898179982167,6825631.221684091
331,0,3.7063298412780235,-10000.0,6815631.221684091
332,236,3.7063298412780235,10690.755382192277,6826321.977066283
333,299,3.7063298412780235,21622.75032561785,6847944.727391901
334,299,3.7063298412780235,23479.338539468074,6871424.06593137
335,38,3.7063298412780235,4842.386607952522,6876266.452539322
336,196,3.7063298412780235,14119.453870982685,6890385.906410305
337,237,3.7063298412780235,-1352.6019721834273,6889033.304438122
338,299,3.7063298412780235,22206.134469054596,6911239.438907176
339,98,3.7063298412780235,4404.135821517069,6915643.574728693
340,299,3.7063298412780235,20949.549556989932,6936593.124285683
341,299,3.7063298412780235,24114.23177446396,6960707.356060147
342,299,3.7063298412780235,24850.164583687063,6985557.520643834
343,19,3.7063298412780235,3715.8119939844073,6989273.3326378185
344,299,3.7063298412780235,25711.20194052245,7014984.534578341
345,151,3.7063298412780235,13637.97251512794,7028622.507093469
346,127,3.7063298412780235,973.4796381916512,7029595.986731661
347,299,3.7063298412780235,17119.90843270936,7046715.89516437
348,299,3.7063298412780235,10089.176541323499,7056805.071705693
349,42,3.7063298412780235,5680.252162824003,7062485.323868518
350,284,3.7063298412780235,16593.257060341253,7079078.580928859
351,299,3.521013349214122,21917.27188672761,7100995.852815587
352,177,3.521013349214122,18357.502127976833,7119353.354943564
353,104,3.521013349214122,11265.519162697912,7130618.874106262
354,0,3.521013349214122,-10000.0,7120618.874106262
355,237,3.521013349214122,9452.788216935714,7130071.662323197
356,299,3.521013349214122,21510.56624098293,7151582.22856418
357,299,3.521013349214122,25303.21432030716,7176885.442884488
358,230,3.521013349214122,21747.0392004617,7198632.4820849495
359,299,3.521013349214122,26973.77201040962,7225606.254095359
360,299,3.521013349214122,19190.615954733603,7244796.870050092
361,299,3.521013349214122,24361.938750159996,7269158.808800252
362,267,3.521013349214122,24847.000219878795,7294005.809020131
363,299,3.521013349214122,29749.105744568787,7323754.9147646995
364,299,3.521013349214122,14240.11864158897,7337995.033406288
365,299,3.521013349214122,25703.229249149208,7363698.262655438
366,139,3.521013349214122,12450.51216325507,7376148.774818693
367,131,3.521013349214122,13937.010068180396,7390085.784886873
368,16,3.521013349214122,3157.991941436255,7393243.7768283095
369,249,3.521013349214122,23082.289841901413,7416326.066670211
370,299,3.521013349214122,18285.534197842913,7434611.600868054
371,299,3.521013349214122,26392.450141572284,7461004.051009626
372,299,3.521013349214122,26706.60940414612,7487710.660413772
373,0,3.521013349214122,-10000.0,7477710.660413772
374,0,3.521013349214122,-10000.0,7467710.660413772
375,0,3.521013349214122,-10000.0,7457710.660413772
376,0,3.521013349214122,-10000.0,7447710.660413772
377,0,3.521013349214122,-10000.0,7437710.660413772
378,0,3.521013349214122,-10000.0,7427710.660413772
379,0,3.521013349214122,-10000.0,7417710.660413772
380,0,3.521013349214122,-10000.0,7407710.660413772
381,0,3.521013349214122,-10000.0,7397710.660413772
382,0,3.521013349214122,-10000.0,7387710.660413772
383,233,3.521013349214122,12036.9161733441,7399747.576587116
384,299,3.521013349214122,15706.757290106676,7415454.333877223
385,299,3.521013349214122,24639.964150487784,7440094.29802771
386,144,3.521013349214122,14472.901835832057,7454567.199863542
387,299,3.521013349214122,28104.28194773298,7482671.481811275
388,36,3.521013349214122,4808.782260086553,7487480.264071361
389,299,3.521013349214122,27645.907016477413,7515126.171087839
390,187,3.521013349214122,17884.468752269942,7533010.639840108
391,299,3.521013349214122,27532.20077876719,7560542.840618876
392,299,3.521013349214122,24522.283784318985,7585065.1244031945
393,299,3.521013349214122,22717.820094544684,7607782.944497739
394,299,3.521013349214122,22526.380936382793,7630309.325434121
395,54,3.521013349214122,-4975.441584750584,7625333.88384937
396,299,3.521013349214122,27896.691535653263,7653230.575385024
397,299,3.521013349214122,23171.05884941415,7676401.634234438
398,299,3.521013349214122,16173.348799901754,7692574.98303434
399,299,3.521013349214122,23239.37279576919,7715814.355830109
400,176,3.521013349214122,4309.939415110461,7720124.295245219
401,30,3.3449626817534157,4959.6736878020565,7725083.968933021
402,299,3.3449626817534157,27821.976164722746,7752905.9450977435
403,299,3.3449626817534157,24587.790047442242,7777493.735145186
404,187,3.3449626817534157,5741.720601349596,7783235.455746535
405,44,3.3449626817534157,5731.028726644895,7788966.48447318
406,13,3.3449626817534157,2961.035875027621,7791927.520348208
407,190,3.3449626817534157,13627.98374107756,7805555.504089286
408,81,3.3449626817534157,9798.078747037987,7815353.582836323
409,299,3.3449626817534157,23392.030779225486,7838745.613615549
410,299,3.3449626817534157,29658.456726861757,7868404.070342411
411,299,3.3449626817534157,25719.63252763058,7894123.702870042
412,299,3.3449626817534157,28610.02512208315,7922733.727992125
413,299,3.3449626817534157,22409.065491647325,7945142.793483772
414,299,3.3449626817534157,25730.40563152872,7970873.1991153015
415,299,3.3449626817534157,25285.65055219098,7996158.849667492
416,119,3.3449626817534157,13735.615382913056,8009894.465050406
417,254,3.3449626817534157,18724.186239289353,8028618.651289695
418,299,3.3449626817534157,26161.937535447087,8054780.588825142
419,299,3.3449626817534157,9963.519277690359,8064744.108102832
420,247,3.3449626817534157,9125.332181034475,8073869.440283867
421,299,3.3449626817534157,27763.768902847587,8101633.209186714
422,299,3.3449626817534157,22211.834323727817,8123845.043510442
423,299,3.3449626817534157,23339.863812763193,8147184.907323205
424,287,3.3449626817534157,9686.911399178804,8156871.818722384
425,62,3.3449626817534157,7785.546307794365,8164657.365030179
426,229,3.3449626817534157,5410.362189345884,8170067.727219525
427,165,3.3449626817534157,16183.568175554248,8186251.295395079
428,299,3.3449626817534157,25286.694596876747,8211537.989991955
429,166,3.3449626817534157,18618.895805505406,8230156.885797461
430,299,3.3449626817534157,28577.132888169363,8258734.01868563
431,25,3.3449626817534157,3632.3393088726425,8262366.357994502
432,47,3.3449626817534157,6507.984240439154,8268874.342234941
433,70,3.3449626817534157,8381.966595693717,8277256.308830635
434,228,3.3449626817534157,23807.448310568758,8301063.757141204
435,11,3.3449626817534157,2775.485834356853,8303839.24297556
436,299,3.3449626817534157,23426.634024366813,8327265.876999927
437,299,3.3449626817534157,24843.29528884472,8352109.172288772
438,58,3.3449626817534157,6576.552675096723,8358685.724963868
439,299,3.3449626817534157,28101.400044349368,8386787.125008217
440,299,3.3449626817534157,24393.726107742288,8411180.851115959
441,61,3.3449626817534157,8035.984712819246,8419216.835828777
442,299,3.3449626817534157,29041.18155212101,8448258.017380899
443,299,3.3449626817534157,21563.301847853603,8469821.319228752
444,143,3.3449626817534157,14170.594067481268,8483991.913296232
445,299,3.3449626817534157,27158.41147537739,8511150.32477161
446,81,3.3449626817534157,7433.434919493797,8518583.759691102
447,299,3.3449626817534157,27003.77493901685,8545587.53463012
448,299,3.3449626817534157,24410.20102266527,8569997.735652786
449,194,3.3449626817534157,17628.93940733293,8587626.67506012
450,299,3.3449626817534157,22982.790728312015,8610609.465788431
451,299,3.1777145476657447,28186.742249889703,8638796.20803832
452,299,3.1777145476657447,25880.119114707413,8664676.327153029
453,180,3.1777145476657447,18525.040829030462,8683201.36798206
454,15,3.1777145476657447,3061.9810382466912,8686263.349020306
455,299,3.1777145476657447,27030.791582519458,8713294.140602825
456,71,3.1777145476657447,4814.4427015608235,8718108.583304387
457,299,3.1777145476657447,27522.384346913568,8745630.9676513
458,299,3.1777145476657447,20412.242505136528,8766043.210156437
459,299,3.1777145476657447,28331.692970095053,8794374.903126532
460,299,3.1777145476657447,20482.83968325823,8814857.742809791
461,299,3.1777145476657447,25520.163412236965,8840377.906222029
462,255,3.1777145476657447,5290.20609306265,8845668.112315092
463,299,3.1777145476657447,24022.462656782813,8869690.574971875
464,299,3.1777145476657447,24693.444480553255,8894384.019452428
465,115,3.1777145476657447,11790.109943353675,8906174.129395783
466,299,3.1777145476657447,23931.718600003824,8930105.847995786
467,299,3.1777145476657447,21869.16242895315,8951975.010424739
468,279,3.1777145476657447,16498.607509672016,8968473.617934411
469,119,3.1777145476657447,12968.70362962514,8981442.321564037
470,76,3.1777145476657447,9061.67327220184,8990503.99483624
471,299,3.1777145476657447,25254.144172951124,9015758.13900919
472,299,3.1777145476657447,24958.179248708064,9040716.318257898
473,299,3.1777145476657447,23619.6736668674,9064335.991924765
474,299,3.1777145476657447,25556.61675297203,9089892.608677737
475,299,3.1777145476657447,23886.286290461627,9113778.894968199
476,291,3.1777145476657447,28137.850081194967,9141916.745049393
477,299,3.1777145476657447,23316.295689188133,9165233.04073858
478,19,3.1777145476657447,3366.609027555135,9168599.649766136
479,98,3.1777145476657447,9811.759567804022,9178411.40933394
480,299,3.1777145476657447,24206.3679148829,9202617.777248824
481,299,3.1777145476657447,26541.334332638777,9229159.111581463
482,299,3.1777145476657447,30951.054747432394,9260110.166328896
483,299,3.1777145476657447,21270.086348125405,9281380.252677022
484,299,3.1777145476657447,17995.956015475927,9299376.208692497
485,299,3.1777145476657447,21998.04185160475,9321374.250544101
486,166,3.1777145476657447,17145.508945195026,9338519.759489296
487,136,3.1777145476657447,14563.6504660219,9353083.409955317
488,53,3.1777145476657447,6878.962734314551,9359962.37268963
489,299,3.1777145476657447,23872.998302421798,9383835.370992053
490,299,3.1777145476657447,25178.147288120228,9409013.518280173
491,108,3.1777145476657447,-169.3160378526918,9408844.20224232
492,299,3.1777145476657447,26044.76880078544,9434888.971043106
493,299,3.1777145476657447,23809.122925957534,9458698.093969064
494,299,3.1777145476657447,16275.909060680748,9474974.003029745
495,299,3.1777145476657447,26527.154639984183,9501501.157669729
496,299,3.1777145476657447,25411.628200059753,9526912.785869788
497,299,3.1777145476657447,18680.919921450703,9545593.705791239
498,299,3.1777145476657447,26057.40443676743,9571651.110228006
499,213,3.1777145476657447,5189.900696326053,9576841.010924332
