Episode,Epsilon,Instant Reward,Cummulative Reward
0,8,25474.796029742367,25474.796029742367
1,8,26324.48652581068,51799.28255555304
2,8,25925.80582951694,77725.08838506998
3,8,25447.964581331173,103173.05296640116
4,8,26277.8464952186,129450.89946161976
5,8,26698.84137230583,156149.74083392558
6,8,16305.584688337342,172455.32552226292
7,8,6882.227877184869,179337.5533994478
8,8,26315.307153563386,205652.86055301118
9,8,12599.307838970752,218252.16839198192
10,8,15647.87287296795,233900.04126494986
11,8,13010.748459338767,246910.78972428862
12,8,25545.77622578035,272456.565950069
13,8,25774.17153642964,298230.73748649866
14,8,20594.494636974156,318825.23212347284
15,8,26164.382388877402,344989.61451235024
16,8,13547.776053510765,358537.390565861
17,8,15593.258487723258,374130.64905358426
18,8,26099.429419733067,400230.0784733173
19,8,26408.16562979786,426638.24410311517
20,8,26181.51643246919,452819.76053558436
21,8,26575.08611623366,479394.846651818
22,8,9741.32563130356,489136.17228312156
23,8,6567.757222123534,495703.9295052451
24,8,26678.149451766825,522382.0789570119
25,8,25326.882242405205,547708.9611994171
26,8,25418.2714416346,573127.2326410518
27,8,25816.254893587837,598943.4875346395
28,8,25139.25986793626,624082.7474025758
29,8,8197.84224737786,632280.5896499536
30,8,26498.70352308611,658779.2931730398
31,8,19692.043388135735,678471.3365611755
32,8,25623.178649003767,704094.5152101793
33,8,24695.66134241499,728790.1765525943
34,8,25397.07822805101,754187.2547806452
35,8,26616.275659553405,780803.5304401986
36,8,24698.68867331181,805502.2191135105
37,8,7612.697446783382,813114.9165602939
38,8,25981.744523745267,839096.6610840391
39,8,24951.098345403414,864047.7594294426
40,8,26574.086881632807,890621.8463110754
41,8,26464.02405765839,917085.8703687338
42,8,23877.38778118125,940963.258149915
43,8,25732.848074136476,966696.1062240514
44,8,8415.126503822841,975111.2327278743
45,8,26021.094479769843,1001132.3272076441
46,8,25224.38395396704,1026356.7111616111
47,8,11137.472363803092,1037494.1835254142
48,8,26514.812099892817,1064008.995625307
49,8,25859.421836260037,1089868.417461567
50,8,7243.200630837011,1097111.6180924042
51,7.6,26746.070532924296,1123857.6886253285
52,7.6,22915.176167767386,1146772.864793096
53,7.6,22057.97793811935,1168830.8427312153
54,7.6,15031.150642895458,1183861.9933741107
55,7.6,24903.625939889684,1208765.6193140002
56,7.6,26292.927226662534,1235058.5465406629
57,7.6,26023.80629237082,1261082.3528330338
58,7.6,11029.669519095152,1272112.022352129
59,7.6,25678.392481093368,1297790.4148332223
60,7.6,25619.500612265085,1323409.9154454875
61,7.6,5349.398777166074,1328759.3142226536
62,7.6,12020.034934658792,1340779.3491573124
63,7.6,12294.088693012181,1353073.4378503247
64,7.6,26227.19274590056,1379300.6305962251
65,7.6,25856.225127943268,1405156.8557241685
66,7.6,26384.1271210501,1431540.9828452186
67,7.6,26498.443999959487,1458039.426845178
68,7.6,16116.127888632585,1474155.5547338105
69,7.6,8663.647114606343,1482819.2018484168
70,7.6,26648.88529421071,1509468.0871426275
71,7.6,25656.48508295385,1535124.5722255814
72,7.6,24223.591583707803,1559348.1638092892
73,7.6,26159.844854316896,1585508.0086636061
74,7.6,25798.643172354885,1611306.651835961
75,7.6,26218.778103067052,1637525.429939028
76,7.6,24568.641380166773,1662094.071319195
77,7.6,25899.506123497198,1687993.5774426921
78,7.6,25788.18615735962,1713781.7636000516
79,7.6,26895.54218354321,1740677.305783595
80,7.6,26036.89510237766,1766714.2008859727
81,7.6,26115.24348128766,1792829.4443672604
82,7.6,13451.470539477976,1806280.9149067383
83,7.6,25820.264860958745,1832101.1797676971
84,7.6,25984.975627302712,1858086.1553949998
85,7.6,26412.398889697484,1884498.5542846972
86,7.6,26186.21893539497,1910684.773220092
87,7.6,4120.729653087094,1914805.502873179
88,7.6,26191.062253692777,1940996.565126872
89,7.6,21548.337621859922,1962544.902748732
90,7.6,26144.650144722884,1988689.5528934547
91,7.6,26239.59102080447,2014929.143914259
92,7.6,15460.566784176994,2030389.710698436
93,7.6,25782.940195538595,2056172.6508939746
94,7.6,26744.615223563564,2082917.266117538
95,7.6,25798.44011254324,2108715.706230081
96,7.6,14656.887253113342,2123372.5934831947
97,7.6,25979.961791097605,2149352.5552742924
98,7.6,24352.573493871692,2173705.128768164
99,7.6,25666.350220527056,2199371.4789886912
100,7.6,17407.626595282094,2216779.105583973
101,7.22,23995.553595410147,2240774.6591793834
102,7.22,24626.19137941014,2265400.8505587936
103,7.22,13168.147745333868,2278568.9983041277
104,7.22,25803.3197422597,2304372.3180463873
105,7.22,16755.15610259753,2321127.474148985
106,7.22,24383.03664718544,2345510.51079617
107,7.22,25700.082539602066,2371210.5933357724
108,7.22,26033.990517915146,2397244.5838536876
109,7.22,8186.549214171842,2405431.1330678593
110,7.22,26167.66831458298,2431598.8013824425
111,7.22,26702.80513468546,2458301.6065171277
112,7.22,21308.468039721865,2479610.0745568494
113,7.22,26260.807326162234,2505870.8818830117
114,7.22,20028.466226265897,2525899.3481092774
115,7.22,25611.735434328686,2551511.083543606
116,7.22,26197.68728332779,2577708.770826934
117,7.22,25163.902951057848,2602872.673777992
118,7.22,24564.92195872706,2627437.5957367187
119,7.22,6532.086044218264,2633969.681780937
120,7.22,26978.36633458996,2660948.0481155273
121,7.22,26179.154170024176,2687127.2022855515
122,7.22,5677.784126283795,2692804.986411835
123,7.22,25240.25792988492,2718045.24434172
124,7.22,26203.798206423486,2744249.0425481433
125,7.22,19854.1706003197,2764103.213148463
126,7.22,26412.248095778992,2790515.4612442423
127,7.22,3603.4310922026807,2794118.892336445
128,7.22,26906.39643934838,2821025.2887757933
129,7.22,13150.268567246634,2834175.55734304
130,7.22,25620.37836648989,2859795.93570953
131,7.22,13027.34315179078,2872823.2788613206
132,7.22,26736.44880557433,2899559.727666895
133,7.22,25921.171574405013,2925480.8992413
134,7.22,5624.131320082896,2931105.030561383
135,7.22,25991.542330815926,2957096.572892199
136,7.22,17885.232744442837,2974981.8056366416
137,7.22,25787.752236070308,3000769.5578727117
138,7.22,27449.021167034967,3028218.5790397464
139,7.22,24927.517030852352,3053146.096070599
140,7.22,18252.242783869016,3071398.338854468
141,7.22,26556.491715103602,3097954.8305695713
142,7.22,26062.34851752554,3124017.179087097
143,7.22,13949.07009000014,3137966.249177097
144,7.22,25199.998792310882,3163166.2479694076
145,7.22,12970.548797606827,3176136.7967670145
146,7.22,26074.091046050027,3202210.8878130647
147,7.22,17586.52480209043,3219797.4126151553
148,7.22,12057.626035284322,3231855.0386504396
149,7.22,26128.276491618824,3257983.3151420583
150,7.22,25406.490986801076,3283389.8061288595
151,6.858999999999999,26053.47981206935,3309443.285940929
152,6.858999999999999,25747.526765728126,3335190.8127066568
153,6.858999999999999,25692.441226446354,3360883.2539331033
154,6.858999999999999,26961.725691934684,3387844.979625038
155,6.858999999999999,17369.505622345325,3405214.4852473834
156,6.858999999999999,24791.92598765706,3430006.4112350405
157,6.858999999999999,17970.432206136895,3447976.8434411776
158,6.858999999999999,20905.60287692835,3468882.446318106
159,6.858999999999999,25288.172554543744,3494170.6188726495
160,6.858999999999999,25840.698103782626,3520011.316976432
161,6.858999999999999,26407.973420846076,3546419.2903972785
162,6.858999999999999,26586.077778841067,3573005.3681761194
163,6.858999999999999,25555.003411499412,3598560.3715876187
164,6.858999999999999,27252.01535032691,3625812.3869379456
165,6.858999999999999,25810.42208864481,3651622.8090265905
166,6.858999999999999,5177.41332888765,3656800.222355478
167,6.858999999999999,13384.305782983298,3670184.528138461
168,6.858999999999999,27453.160381327507,3697637.6885197884
169,6.858999999999999,26311.313031463935,3723949.0015512523
170,6.858999999999999,14092.756379245066,3738041.757930497
171,6.858999999999999,26295.10087275467,3764336.8588032518
172,6.858999999999999,12326.394935255636,3776663.253738507
173,6.858999999999999,25870.02125266042,3802533.2749911677
174,6.858999999999999,15447.925011582953,3817981.200002751
175,6.858999999999999,26814.13599590152,3844795.3359986525
176,6.858999999999999,17593.76355172228,3862389.099550375
177,6.858999999999999,16572.828936188598,3878961.9284865633
178,6.858999999999999,26364.308435520226,3905326.2369220834
179,6.858999999999999,27122.393987818235,3932448.6309099016
180,6.858999999999999,25711.65128462039,3958160.2821945217
181,6.858999999999999,27150.57045869087,3985310.852653213
182,6.858999999999999,21241.543095792633,4006552.3957490055
183,6.858999999999999,26874.850411270978,4033427.2461602762
184,6.858999999999999,25835.817690575168,4059263.0638508513
185,6.858999999999999,25995.279428631817,4085258.3432794833
186,6.858999999999999,20300.31843371241,4105558.6617131955
187,6.858999999999999,25963.227013777647,4131521.888726973
188,6.858999999999999,26220.746719727093,4157742.6354467003
189,6.858999999999999,27032.717482173233,4184775.3529288736
190,6.858999999999999,13142.095820227307,4197917.448749101
191,6.858999999999999,26954.249614827462,4224871.698363928
192,6.858999999999999,22744.183387842528,4247615.881751771
193,6.858999999999999,24638.76226825663,4272254.6440200275
194,6.858999999999999,26515.364097495094,4298770.008117522
195,6.858999999999999,22398.18973977147,4321168.197857293
196,6.858999999999999,24905.24356612535,4346073.441423419
197,6.858999999999999,20372.262724139215,4366445.704147558
198,6.858999999999999,17616.832951631804,4384062.537099189
199,6.858999999999999,26703.021640823004,4410765.558740012
200,6.858999999999999,6114.322634999255,4416879.881375012
201,6.516049999999999,13122.375412823018,4430002.256787835
202,6.516049999999999,25379.724428779962,4455381.981216615
203,6.516049999999999,25145.403781030836,4480527.384997646
204,6.516049999999999,21780.295210756707,4502307.680208403
205,6.516049999999999,25282.12374058247,4527589.803948985
206,6.516049999999999,14927.027807541977,4542516.831756528
207,6.516049999999999,26073.322645709777,4568590.154402237
208,6.516049999999999,25560.59834465113,4594150.752746888
209,6.516049999999999,25790.23063828011,4619940.983385169
210,6.516049999999999,26596.217447306244,4646537.200832475
211,6.516049999999999,26168.627964077008,4672705.828796552
212,6.516049999999999,25324.256095914126,4698030.084892466
213,6.516049999999999,25745.84328753349,4723775.928179999
214,6.516049999999999,26463.453437902157,4750239.381617901
215,6.516049999999999,26095.36302223192,4776334.744640132
216,6.516049999999999,25397.057260262336,4801731.801900395
217,6.516049999999999,26577.536379942707,4828309.338280338
218,6.516049999999999,12742.381199269219,4841051.719479607
219,6.516049999999999,17281.055771896776,4858332.775251504
220,6.516049999999999,26513.079370985823,4884845.85462249
221,6.516049999999999,18258.490892096925,4903104.345514587
222,6.516049999999999,26393.310576030213,4929497.656090617
223,6.516049999999999,22473.497099044693,4951971.153189662
224,6.516049999999999,26394.739102634263,4978365.8922922965
225,6.516049999999999,23683.555857230836,5002049.448149527
226,6.516049999999999,25341.177817323292,5027390.625966851
227,6.516049999999999,25537.536603750046,5052928.1625706
228,6.516049999999999,10348.952972138895,5063277.11554274
229,6.516049999999999,26935.43559509726,5090212.551137837
230,6.516049999999999,25578.167249272872,5115790.718387109
231,6.516049999999999,27192.420215888334,5142983.138602997
232,6.516049999999999,17237.78988396364,5160220.928486961
233,6.516049999999999,26179.215929594207,5186400.144416555
234,6.516049999999999,8436.688212492118,5194836.832629047
235,6.516049999999999,24808.34155624871,5219645.174185296
236,6.516049999999999,26536.08891355948,5246181.2630988555
237,6.516049999999999,25494.816556396352,5271676.0796552515
238,6.516049999999999,25625.35842625943,5297301.438081511
239,6.516049999999999,25772.086652886388,5323073.524734397
240,6.516049999999999,27140.5665273036,5350214.091261701
241,6.516049999999999,25583.60844340309,5375797.699705103
242,6.516049999999999,26000.160315442125,5401797.860020545
243,6.516049999999999,17053.02964066385,5418850.889661209
244,6.516049999999999,13875.13062785885,5432726.020289067
245,6.516049999999999,11272.530719760418,5443998.551008828
246,6.516049999999999,25597.06971965715,5469595.620728485
247,6.516049999999999,24538.02833976554,5494133.649068251
248,6.516049999999999,22619.12552954456,5516752.774597796
249,6.516049999999999,18399.803368057197,5535152.577965853
250,6.516049999999999,25926.722277582514,5561079.300243435
251,6.190247499999999,25661.41696008646,5586740.717203522
252,6.190247499999999,25384.374979910943,5612125.0921834335
253,6.190247499999999,24248.57960941812,5636373.671792852
254,6.190247499999999,4441.147528399132,5640814.819321251
255,6.190247499999999,26040.75673989006,5666855.576061141
256,6.190247499999999,26330.549370036915,5693186.125431177
257,6.190247499999999,8322.775205104363,5701508.900636282
258,6.190247499999999,23794.8316546511,5725303.732290933
259,6.190247499999999,26257.450515539243,5751561.182806472
260,6.190247499999999,25397.88975891085,5776959.072565383
261,6.190247499999999,27131.507687967627,5804090.580253351
262,6.190247499999999,26477.520382431947,5830568.100635783
263,6.190247499999999,26385.52028401241,5856953.620919795
264,6.190247499999999,4062.4612671192644,5861016.082186914
265,6.190247499999999,13852.23942304327,5874868.321609957
266,6.190247499999999,22593.653367966166,5897461.974977924
267,6.190247499999999,26390.76249549662,5923852.73747342
268,6.190247499999999,26249.633667725906,5950102.371141146
269,6.190247499999999,26205.95377794311,5976308.324919089
270,6.190247499999999,13835.925921728256,5990144.250840817
271,6.190247499999999,26787.64993573616,6016931.900776553
272,6.190247499999999,25738.223150132966,6042670.123926686
273,6.190247499999999,27059.030016625933,6069729.153943312
274,6.190247499999999,26276.296876414857,6096005.450819727
275,6.190247499999999,26393.43266724787,6122398.883486975
276,6.190247499999999,4905.800404995749,6127304.683891971
277,6.190247499999999,24853.15068809761,6152157.8345800685
278,6.190247499999999,25377.64326108191,6177535.47784115
279,6.190247499999999,14132.997735620496,6191668.4755767705
280,6.190247499999999,24173.363496134298,6215841.839072905
281,6.190247499999999,25570.391296020058,6241412.230368924
282,6.190247499999999,26570.501399524208,6267982.731768449
283,6.190247499999999,3527.7101855759465,6271510.441954025
284,6.190247499999999,15232.254971447579,6286742.6969254725
285,6.190247499999999,26625.80449732521,6313368.501422797
286,6.190247499999999,25109.63379944784,6338478.135222245
287,6.190247499999999,24713.074092979394,6363191.209315225
288,6.190247499999999,24261.53640250166,6387452.745717727
289,6.190247499999999,24879.326207587394,6412332.071925314
290,6.190247499999999,26089.679890071915,6438421.751815386
291,6.190247499999999,26797.96080853834,6465219.712623924
292,6.190247499999999,22563.519830125522,6487783.232454049
293,6.190247499999999,27120.402212890654,6514903.63466694
294,6.190247499999999,26309.766416877817,6541213.401083818
295,6.190247499999999,25043.05267989342,6566256.453763711
296,6.190247499999999,26588.319824800248,6592844.773588511
297,6.190247499999999,21669.81338214261,6614514.586970653
298,6.190247499999999,21838.05568281766,6636352.642653471
299,6.190247499999999,23100.228820943405,6659452.871474414
300,6.190247499999999,4333.808148863246,6663786.679623277
301,5.880735124999998,10001.24760954143,6673787.927232819
302,5.880735124999998,13335.380329487632,6687123.3075623065
303,5.880735124999998,5679.48485277384,6692802.792415081
304,5.880735124999998,26032.39054442384,6718835.182959504
305,5.880735124999998,21289.01227503459,6740124.195234539
306,5.880735124999998,24889.473013964438,6765013.6682485035
307,5.880735124999998,25600.08836375217,6790613.756612255
308,5.880735124999998,26142.425354659867,6816756.181966915
309,5.880735124999998,20903.991190956225,6837660.173157871
310,5.880735124999998,26925.54817145601,6864585.721329327
311,5.880735124999998,25982.9264959823,6890568.647825309
312,5.880735124999998,25907.190549778796,6916475.838375088
313,5.880735124999998,25601.840617513488,6942077.678992601
314,5.880735124999998,27154.695560238568,6969232.374552839
315,5.880735124999998,24003.838015252586,6993236.212568092
316,5.880735124999998,25987.02304507778,7019223.23561317
317,5.880735124999998,26640.67870307375,7045863.9143162435
318,5.880735124999998,26063.055451435728,7071926.969767679
319,5.880735124999998,14452.188175350346,7086379.15794303
320,5.880735124999998,25795.09664499162,7112174.254588022
321,5.880735124999998,24788.46180317537,7136962.716391197
322,5.880735124999998,25714.88386056008,7162677.600251758
323,5.880735124999998,22475.286211850183,7185152.886463608
324,5.880735124999998,21178.626427228013,7206331.512890835
325,5.880735124999998,26718.469225179917,7233049.982116016
326,5.880735124999998,25711.16317897812,7258761.145294994
327,5.880735124999998,27236.8147484271,7285997.960043421
328,5.880735124999998,26211.21830854574,7312209.178351967
329,5.880735124999998,26403.071437912655,7338612.24978988
330,5.880735124999998,14533.908827497668,7353146.158617377
331,5.880735124999998,25513.725854729724,7378659.884472107
332,5.880735124999998,20089.410993793223,7398749.2954659
333,5.880735124999998,13674.22937579031,7412423.5248416895
334,5.880735124999998,9832.321204782284,7422255.846046472
335,5.880735124999998,25725.79692452418,7447981.642970996
336,5.880735124999998,12239.990296929958,7460221.633267926
337,5.880735124999998,26023.526605352283,7486245.159873278
338,5.880735124999998,24982.62380703482,7511227.783680312
339,5.880735124999998,25839.732172836833,7537067.515853149
340,5.880735124999998,8903.212478098128,7545970.728331247
341,5.880735124999998,26425.090931647097,7572395.819262895
342,5.880735124999998,26049.988954747703,7598445.808217643
343,5.880735124999998,16636.71172981178,7615082.519947454
344,5.880735124999998,26395.54343840636,7641478.063385861
345,5.880735124999998,26568.150129092024,7668046.213514953
346,5.880735124999998,25844.889282939723,7693891.102797893
347,5.880735124999998,26931.307739292726,7720822.410537185
348,5.880735124999998,18275.737527431807,7739098.148064617
349,5.880735124999998,24575.305060508806,7763673.453125126
350,5.880735124999998,24878.41095253952,7788551.864077665
351,5.586698368749998,26174.629000997385,7814726.493078662
352,5.586698368749998,20820.159217004795,7835546.652295667
353,5.586698368749998,16735.696499613296,7852282.34879528
354,5.586698368749998,26196.79731660185,7878479.146111881
355,5.586698368749998,25620.61167367971,7904099.7577855615
356,5.586698368749998,23516.48323761651,7927616.241023178
357,5.586698368749998,26726.93450390417,7954343.175527083
358,5.586698368749998,26640.759746731404,7980983.935273814
359,5.586698368749998,26331.268805877135,8007315.204079691
360,5.586698368749998,18083.632967026457,8025398.837046718
361,5.586698368749998,24921.651655059846,8050320.488701778
362,5.586698368749998,26315.826937069593,8076636.315638848
363,5.586698368749998,26178.891501339556,8102815.207140187
364,5.586698368749998,13591.57282075504,8116406.7799609415
365,5.586698368749998,25834.744550672665,8142241.524511614
366,5.586698368749998,25870.59032390087,8168112.114835515
367,5.586698368749998,26150.305254812167,8194262.420090327
368,5.586698368749998,25890.172074915048,8220152.592165242
369,5.586698368749998,25832.621614091524,8245985.213779333
370,5.586698368749998,25252.160183155516,8271237.373962489
371,5.586698368749998,26041.054102826693,8297278.428065316
372,5.586698368749998,25175.95925162669,8322454.387316942
373,5.586698368749998,27349.257591555346,8349803.644908497
374,5.586698368749998,25994.923290401697,8375798.568198899
375,5.586698368749998,26040.32031402543,8401838.888512924
376,5.586698368749998,26381.80351490648,8428220.692027831
377,5.586698368749998,26742.543928846106,8454963.235956678
378,5.586698368749998,25267.51918147231,8480230.755138151
379,5.586698368749998,12536.284134437488,8492767.03927259
380,5.586698368749998,25990.189702494572,8518757.228975084
381,5.586698368749998,25810.055301660137,8544567.284276744
382,5.586698368749998,24817.8088529569,8569385.093129702
383,5.586698368749998,26318.707354621085,8595703.800484324
384,5.586698368749998,11516.022674516942,8607219.823158842
385,5.586698368749998,26139.171481856396,8633358.994640699
386,5.586698368749998,26480.08496039997,8659839.079601098
387,5.586698368749998,26730.990274715237,8686570.069875814
388,5.586698368749998,26434.917240536597,8713004.98711635
389,5.586698368749998,15552.162595797909,8728557.149712147
390,5.586698368749998,25897.26828070413,8754454.41799285
391,5.586698368749998,27113.94791164576,8781568.365904497
392,5.586698368749998,25903.37524462321,8807471.74114912
393,5.586698368749998,5467.603844530731,8812939.34499365
394,5.586698368749998,18945.04156544249,8831884.386559093
395,5.586698368749998,25707.62884118148,8857592.015400276
396,5.586698368749998,26266.069154741308,8883858.084555017
397,5.586698368749998,26362.18730982011,8910220.271864837
398,5.586698368749998,22546.46881133936,8932766.740676176
399,5.586698368749998,13763.472053095986,8946530.212729272
400,5.586698368749998,25721.06205016851,8972251.27477944
401,5.307363450312498,26530.35130565077,8998781.626085091
402,5.307363450312498,25102.939274215354,9023884.565359307
403,5.307363450312498,26379.86112993034,9050264.426489238
404,5.307363450312498,26921.870450298302,9077186.296939537
405,5.307363450312498,26037.45778392654,9103223.754723463
406,5.307363450312498,11444.088345696458,9114667.84306916
407,5.307363450312498,24408.395018118983,9139076.23808728
408,5.307363450312498,26197.486579782635,9165273.724667063
409,5.307363450312498,24931.46654855671,9190205.19121562
410,5.307363450312498,25579.098376069298,9215784.289591689
411,5.307363450312498,26589.91465212075,9242374.204243809
412,5.307363450312498,26193.706738000325,9268567.91098181
413,5.307363450312498,25251.416172704357,9293819.327154513
414,5.307363450312498,24652.287040236144,9318471.614194749
415,5.307363450312498,26296.205448704655,9344767.819643453
416,5.307363450312498,12734.870432851014,9357502.690076305
417,5.307363450312498,25692.080423115975,9383194.770499421
418,5.307363450312498,25688.522440935016,9408883.292940356
419,5.307363450312498,27476.728901105387,9436360.02184146
420,5.307363450312498,26165.356637288078,9462525.378478749
421,5.307363450312498,13495.198875558846,9476020.577354308
422,5.307363450312498,26998.035283852434,9503018.61263816
423,5.307363450312498,16876.957634157137,9519895.570272317
424,5.307363450312498,27660.24821252817,9547555.818484845
425,5.307363450312498,11531.264987587701,9559087.083472433
426,5.307363450312498,26548.98080957002,9585636.064282002
427,5.307363450312498,26574.14429366507,9612210.208575668
428,5.307363450312498,25736.467295861235,9637946.675871529
429,5.307363450312498,25865.623690081207,9663812.29956161
430,5.307363450312498,26625.96053821026,9690438.26009982
431,5.307363450312498,13303.017883227405,9703741.277983049
432,5.307363450312498,15180.327631785742,9718921.605614835
433,5.307363450312498,25217.500585020738,9744139.106199857
434,5.307363450312498,6529.2207242563745,9750668.326924114
435,5.307363450312498,25990.903020534482,9776659.229944648
436,5.307363450312498,26115.208018455774,9802774.437963104
437,5.307363450312498,26076.65098981203,9828851.088952916
438,5.307363450312498,20532.24681538019,9849383.335768295
439,5.307363450312498,26665.33754909938,9876048.673317395
440,5.307363450312498,17946.756534391334,9893995.429851787
441,5.307363450312498,26269.076375446435,9920264.506227234
442,5.307363450312498,10967.78458110106,9931232.290808335
443,5.307363450312498,26303.035895630757,9957535.326703966
444,5.307363450312498,25235.19535967294,9982770.522063639
445,5.307363450312498,26544.157944661994,10009314.680008302
446,5.307363450312498,23357.44813339189,10032672.128141694
447,5.307363450312498,26094.059721573227,10058766.187863266
448,5.307363450312498,14991.43490044384,10073757.62276371
449,5.307363450312498,25395.665255000153,10099153.28801871
450,5.307363450312498,16933.253200636853,10116086.541219348
451,5.041995277796873,25680.419663505312,10141766.960882854
452,5.041995277796873,26006.499792017115,10167773.46067487
453,5.041995277796873,4883.819767474614,10172657.280442346
454,5.041995277796873,24690.810447812575,10197348.090890158
455,5.041995277796873,23462.01032145626,10220810.101211615
456,5.041995277796873,25130.256231522126,10245940.357443137
457,5.041995277796873,19780.239570154135,10265720.597013291
458,5.041995277796873,2707.3267932103463,10268427.923806502
459,5.041995277796873,26136.36497760612,10294564.288784107
460,5.041995277796873,25265.502971801183,10319829.79175591
461,5.041995277796873,25938.817724005487,10345768.609479915
462,5.041995277796873,20492.417153621544,10366261.026633536
463,5.041995277796873,25983.492981609863,10392244.519615145
464,5.041995277796873,25780.857900030376,10418025.377515176
465,5.041995277796873,26339.06671167746,10444364.444226854
466,5.041995277796873,10786.43316184762,10455150.8773887
467,5.041995277796873,25901.221554008644,10481052.09894271
468,5.041995277796873,16760.119844655852,10497812.218787367
469,5.041995277796873,25584.08810359656,10523396.306890963
470,5.041995277796873,25487.07476407188,10548883.381655034
471,5.041995277796873,26135.191056461492,10575018.572711496
472,5.041995277796873,26666.259105533456,10601684.831817029
473,5.041995277796873,26188.107485450524,10627872.93930248
474,5.041995277796873,26754.273199865205,10654627.212502345
475,5.041995277796873,26478.634363550726,10681105.846865896
476,5.041995277796873,24384.463111478042,10705490.309977375
477,5.041995277796873,26157.596597066287,10731647.906574441
478,5.041995277796873,25647.46353196572,10757295.370106407
479,5.041995277796873,26155.482344552707,10783450.85245096
480,5.041995277796873,25979.054302920453,10809429.906753879
481,5.041995277796873,8520.664637145239,10817950.571391024
482,5.041995277796873,26002.58272091485,10843953.154111939
483,5.041995277796873,21792.102898103538,10865745.257010043
484,5.041995277796873,26950.605242763082,10892695.862252805
485,5.041995277796873,10203.838917041563,10902899.701169847
486,5.041995277796873,17826.68826128384,10920726.38943113
487,5.041995277796873,20758.22577899039,10941484.61521012
488,5.041995277796873,25815.626071219474,10967300.24128134
489,5.041995277796873,25578.31884771477,10992878.560129054
490,5.041995277796873,25303.61678092199,11018182.176909976
491,5.041995277796873,25750.90469489703,11043933.081604872
492,5.041995277796873,25405.376662294115,11069338.458267165
493,5.041995277796873,25902.96710610468,11095241.42537327
494,5.041995277796873,26013.264696280105,11121254.690069549
495,5.041995277796873,26098.224178143344,11147352.914247692
496,5.041995277796873,25054.72142022228,11172407.635667915
497,5.041995277796873,22599.090002853525,11195006.725670768
498,5.041995277796873,25383.585539330277,11220390.311210098
499,5.041995277796873,27005.221766144023,11247395.532976242
500,5.041995277796873,25349.519922545867,11272745.052898787
501,4.7898955139070285,26582.168224490677,11299327.221123278
502,4.7898955139070285,25482.1642003141,11324809.385323592
503,4.7898955139070285,25073.114421915936,11349882.499745507
504,4.7898955139070285,26362.2932462581,11376244.792991765
505,4.7898955139070285,16843.90500273235,11393088.697994497
506,4.7898955139070285,26261.675831219138,11419350.373825716
507,4.7898955139070285,25874.69504113031,11445225.068866847
508,4.7898955139070285,26058.251093267234,11471283.319960114
509,4.7898955139070285,25593.366306808282,11496876.686266921
510,4.7898955139070285,14110.418936481192,11510987.105203403
511,4.7898955139070285,26248.051591558014,11537235.156794962
512,4.7898955139070285,26049.980015117533,11563285.13681008
513,4.7898955139070285,26334.854038108522,11589619.990848187
514,4.7898955139070285,26220.367651106924,11615840.358499294
515,4.7898955139070285,23304.818552885525,11639145.17705218
516,4.7898955139070285,3214.6418188049083,11642359.818870984
517,4.7898955139070285,11027.264393906486,11653387.083264891
518,4.7898955139070285,25776.720495707068,11679163.803760597
519,4.7898955139070285,25617.331049556364,11704781.134810153
520,4.7898955139070285,19272.773459581374,11724053.908269735
521,4.7898955139070285,21160.26127408876,11745214.169543823
522,4.7898955139070285,25305.161248307402,11770519.33079213
523,4.7898955139070285,27305.65168043328,11797824.982472565
524,4.7898955139070285,25760.571992620007,11823585.554465186
525,4.7898955139070285,13288.715305773367,11836874.26977096
526,4.7898955139070285,26301.29444848244,11863175.564219441
527,4.7898955139070285,25720.73649330171,11888896.300712744
528,4.7898955139070285,26954.792166655814,11915851.0928794
529,4.7898955139070285,25636.980750320028,11941488.07362972
530,4.7898955139070285,26710.666037335843,11968198.739667056
531,4.7898955139070285,26190.196268593816,11994388.93593565
532,4.7898955139070285,26442.732319902334,12020831.668255553
533,4.7898955139070285,25468.4993892155,12046300.167644769
534,4.7898955139070285,21892.595129293833,12068192.762774063
535,4.7898955139070285,26412.03840730514,12094604.801181369
536,4.7898955139070285,4043.5476679168205,12098648.348849285
537,4.7898955139070285,26572.63969413889,12125220.988543425
538,4.7898955139070285,26438.4067884434,12151659.395331869
539,4.7898955139070285,26275.817154265183,12177935.212486135
540,4.7898955139070285,26451.329815504156,12204386.54230164
541,4.7898955139070285,12890.602971848504,12217277.145273488
542,4.7898955139070285,7093.753681971249,12224370.898955459
543,4.7898955139070285,13507.013541878005,12237877.912497336
544,4.7898955139070285,26419.15085833524,12264297.063355671
545,4.7898955139070285,24518.540651796684,12288815.604007468
546,4.7898955139070285,27067.474306200627,12315883.078313667
547,4.7898955139070285,25875.372009430608,12341758.450323097
548,4.7898955139070285,26502.842689305664,12368261.293012403
549,4.7898955139070285,25986.566502963706,12394247.859515367
550,4.7898955139070285,25867.805100786503,12420115.664616155
551,4.5504007382116765,26144.284001893695,12446259.948618049
552,4.5504007382116765,25607.638474458974,12471867.587092508
553,4.5504007382116765,24696.75737357946,12496564.344466086
554,4.5504007382116765,25432.635147261426,12521996.979613347
555,4.5504007382116765,26741.950019209587,12548738.929632556
556,4.5504007382116765,26128.763101761506,12574867.692734318
557,4.5504007382116765,21983.77635750159,12596851.46909182
558,4.5504007382116765,25533.858683438306,12622385.327775259
559,4.5504007382116765,24850.52146528029,12647235.84924054
560,4.5504007382116765,25252.158560088705,12672488.007800627
561,4.5504007382116765,26300.878046552833,12698788.885847181
562,4.5504007382116765,25873.16739999054,12724662.053247172
563,4.5504007382116765,26223.009137841593,12750885.062385013
564,4.5504007382116765,26117.522227915444,12777002.584612928
565,4.5504007382116765,25815.012858784045,12802817.597471712
566,4.5504007382116765,25817.8498683796,12828635.447340092
567,4.5504007382116765,26286.28316777539,12854921.730507867
568,4.5504007382116765,25812.146216461097,12880733.876724329
569,4.5504007382116765,21213.413032607197,12901947.289756937
570,4.5504007382116765,25867.436293742216,12927814.726050679
571,4.5504007382116765,25427.10665218453,12953241.832702864
572,4.5504007382116765,19816.624704883652,12973058.457407748
573,4.5504007382116765,21659.585938068383,12994718.043345816
574,4.5504007382116765,25437.127131178695,13020155.170476995
575,4.5504007382116765,26296.989503701512,13046452.159980698
576,4.5504007382116765,26783.78933454455,13073235.949315242
577,4.5504007382116765,26191.485366220524,13099427.434681462
578,4.5504007382116765,25547.020887515697,13124974.455568979
579,4.5504007382116765,9874.175938844543,13134848.631507823
580,4.5504007382116765,26568.56770440633,13161417.199212229
581,4.5504007382116765,26250.13035181582,13187667.329564044
582,4.5504007382116765,26672.180899811872,13214339.510463856
583,4.5504007382116765,27022.329457517088,13241361.839921374
584,4.5504007382116765,25839.389311005558,13267201.22923238
585,4.5504007382116765,26734.371539446503,13293935.600771826
586,4.5504007382116765,18458.95784664043,13312394.558618465
587,4.5504007382116765,25968.474620590197,13338363.033239055
588,4.5504007382116765,26339.284176494824,13364702.31741555
589,4.5504007382116765,24948.47999573009,13389650.79741128
590,4.5504007382116765,26191.85378085114,13415842.65119213
591,4.5504007382116765,26108.331077766114,13441950.982269896
592,4.5504007382116765,9700.076042021634,13451651.058311919
593,4.5504007382116765,26096.73714485866,13477747.795456778
594,4.5504007382116765,26288.98750851296,13504036.782965291
595,4.5504007382116765,25899.099722828185,13529935.88268812
596,4.5504007382116765,10118.198526889419,13540054.08121501
597,4.5504007382116765,25253.710840151984,13565307.792055162
598,4.5504007382116765,21362.954254369604,13586670.746309532
599,4.5504007382116765,25300.437519584175,13611971.183829116
600,4.5504007382116765,16579.576965799166,13628550.760794915
601,4.322880701301092,21154.35088775235,13649705.111682668
602,4.322880701301092,26324.609251007747,13676029.720933676
603,4.322880701301092,16672.299608286066,13692702.020541962
604,4.322880701301092,26180.27552798431,13718882.296069946
605,4.322880701301092,26811.61598538179,13745693.912055328
606,4.322880701301092,24815.064720400405,13770508.976775728
607,4.322880701301092,26941.858471235675,13797450.835246963
608,4.322880701301092,25956.968856237043,13823407.804103201
609,4.322880701301092,26337.85313970772,13849745.65724291
610,4.322880701301092,25869.106968186898,13875614.764211096
611,4.322880701301092,23740.56949610091,13899355.333707197
612,4.322880701301092,14187.209374005683,13913542.543081202
613,4.322880701301092,25925.75413613421,13939468.297217336
614,4.322880701301092,26944.99578940691,13966413.293006742
615,4.322880701301092,27348.251012906116,13993761.544019649
616,4.322880701301092,27370.819602041378,14021132.36362169
617,4.322880701301092,27039.06141108839,14048171.425032778
618,4.322880701301092,20196.50593104291,14068367.93096382
619,4.322880701301092,26202.55760918728,14094570.488573007
620,4.322880701301092,25237.439618424443,14119807.92819143
621,4.322880701301092,25841.904539661005,14145649.832731092
622,4.322880701301092,10522.48071493348,14156172.313446026
623,4.322880701301092,25620.396838925804,14181792.710284952
624,4.322880701301092,25171.199443036727,14206963.909727989
625,4.322880701301092,26097.324399685756,14233061.234127674
626,4.322880701301092,26323.2196431216,14259384.453770796
627,4.322880701301092,25672.482864097667,14285056.936634893
628,4.322880701301092,25170.500460993047,14310227.437095886
629,4.322880701301092,25729.91929820745,14335957.356394093
630,4.322880701301092,26219.368808687355,14362176.72520278
631,4.322880701301092,26100.0171195995,14388276.74232238
632,4.322880701301092,25711.858071702583,14413988.600394083
633,4.322880701301092,26530.801337674206,14440519.401731757
634,4.322880701301092,25381.747650202316,14465901.14938196
635,4.322880701301092,25476.59459124851,14491377.743973209
636,4.322880701301092,27392.005631839507,14518769.749605048
637,4.322880701301092,26602.024128196044,14545371.773733245
638,4.322880701301092,25236.7188778538,14570608.492611099
639,4.322880701301092,11013.8737113239,14581622.366322422
640,4.322880701301092,25675.819433016135,14607298.18575544
641,4.322880701301092,26775.389694981637,14634073.57545042
642,4.322880701301092,26733.21494394768,14660806.790394368
643,4.322880701301092,25429.99362045224,14686236.78401482
644,4.322880701301092,6064.920823533204,14692301.704838352
645,4.322880701301092,26836.6399390321,14719138.344777385
646,4.322880701301092,26288.56620775195,14745426.910985136
647,4.322880701301092,25627.090912138858,14771054.001897275
648,4.322880701301092,24554.968873026442,14795608.970770301
649,4.322880701301092,16380.798007347572,14811989.768777648
650,4.322880701301092,26300.601283642427,14838290.37006129
651,4.106736666236038,25078.49066509831,14863368.860726388
652,4.106736666236038,25433.007140437952,14888801.867866825
653,4.106736666236038,14176.4140334037,14902978.281900229
654,4.106736666236038,25792.844294431223,14928771.12619466
655,4.106736666236038,17639.742197705862,14946410.868392365
656,4.106736666236038,26307.4079138167,14972718.276306182
657,4.106736666236038,18491.430484012883,14991209.706790196
658,4.106736666236038,18378.83623351172,15009588.543023707
659,4.106736666236038,25554.224752527618,15035142.767776234
660,4.106736666236038,25771.636074529986,15060914.403850764
661,4.106736666236038,12449.24878433418,15073363.652635098
662,4.106736666236038,26753.24133025014,15100116.893965347
663,4.106736666236038,25704.76182888445,15125821.655794231
664,4.106736666236038,26157.481192833653,15151979.136987064
665,4.106736666236038,26242.653680558917,15178221.790667623
666,4.106736666236038,25876.509128364738,15204098.299795989
667,4.106736666236038,25788.01847102892,15229886.318267018
668,4.106736666236038,21866.469748730477,15251752.788015747
669,4.106736666236038,26195.544214439225,15277948.332230186
670,4.106736666236038,10211.93194321824,15288160.264173405
671,4.106736666236038,26309.45131731902,15314469.715490725
672,4.106736666236038,26608.20487870578,15341077.920369431
673,4.106736666236038,25324.82235540364,15366402.742724836
674,4.106736666236038,26930.93392876266,15393333.6766536
675,4.106736666236038,26792.885828457536,15420126.562482057
676,4.106736666236038,25368.87833017214,15445495.44081223
677,4.106736666236038,25831.333625930765,15471326.774438161
678,4.106736666236038,25749.577023519298,15497076.35146168
679,4.106736666236038,25315.121132804707,15522391.472594485
680,4.106736666236038,24540.378655381493,15546931.851249866
681,4.106736666236038,27059.590905096036,15573991.442154963
682,4.106736666236038,26088.04865611055,15600079.490811072
683,4.106736666236038,26560.654117160506,15626640.144928234
684,4.106736666236038,26390.41695705186,15653030.561885286
685,4.106736666236038,24992.285386669577,15678022.847271957
686,4.106736666236038,24994.28501155715,15703017.132283514
687,4.106736666236038,13189.698953048392,15716206.831236564
688,4.106736666236038,26144.06788309369,15742350.899119657
689,4.106736666236038,26667.253077897352,15769018.152197555
690,4.106736666236038,26321.757114856893,15795339.909312412
691,4.106736666236038,26815.164579461052,15822155.073891873
692,4.106736666236038,26796.821209273447,15848951.895101147
693,4.106736666236038,15768.520156768922,15864720.415257916
694,4.106736666236038,25353.690482223814,15890074.10574014
695,4.106736666236038,14082.257098497617,15904156.362838637
696,4.106736666236038,21004.54125252237,15925160.904091159
697,4.106736666236038,14242.960446371948,15939403.864537532
698,4.106736666236038,26114.17675988491,15965518.041297417
699,4.106736666236038,13235.421055464294,15978753.462352881
700,4.106736666236038,25475.850049414516,16004229.312402295
701,3.9013998329242354,26697.021308049803,16030926.333710345
702,3.9013998329242354,26307.22990904716,16057233.563619392
703,3.9013998329242354,10933.401608888316,16068166.96522828
704,3.9013998329242354,26011.41014464626,16094178.375372926
705,3.9013998329242354,11340.717512429626,16105519.092885355
706,3.9013998329242354,17945.598913295802,16123464.69179865
707,3.9013998329242354,26179.49903456271,16149644.190833213
708,3.9013998329242354,25806.040034293736,16175450.230867507
709,3.9013998329242354,24445.39954080116,16199895.630408308
710,3.9013998329242354,27357.760014716165,16227253.390423024
711,3.9013998329242354,25618.147920637337,16252871.53834366
712,3.9013998329242354,25006.6166244479,16277878.154968109
713,3.9013998329242354,25866.907234274437,16303745.062202383
714,3.9013998329242354,15298.665014083414,16319043.727216465
715,3.9013998329242354,26014.664002456622,16345058.391218921
716,3.9013998329242354,14386.458699279501,16359444.849918202
717,3.9013998329242354,25487.609311832053,16384932.459230034
718,3.9013998329242354,25942.520266168107,16410874.979496202
719,3.9013998329242354,26395.49932982486,16437270.478826026
720,3.9013998329242354,25627.0499284572,16462897.528754482
721,3.9013998329242354,26320.704350795408,16489218.233105278
722,3.9013998329242354,25781.279417676964,16514999.512522954
723,3.9013998329242354,26207.434772481713,16541206.947295437
724,3.9013998329242354,25546.783018716407,16566753.730314152
725,3.9013998329242354,26396.65249390505,16593150.382808058
726,3.9013998329242354,12369.97492952076,16605520.357737578
727,3.9013998329242354,25163.692067094,16630684.049804673
728,3.9013998329242354,26853.92759836879,16657537.977403041
729,3.9013998329242354,25885.63932420626,16683423.616727248
730,3.9013998329242354,24975.612013921076,16708399.228741169
731,3.9013998329242354,24940.68843323244,16733339.9171744
732,3.9013998329242354,26159.79713932659,16759499.714313727
733,3.9013998329242354,26065.243981091215,16785564.958294816
734,3.9013998329242354,26616.03804899335,16812180.99634381
735,3.9013998329242354,26101.33229990759,16838282.328643717
736,3.9013998329242354,20949.058144159026,16859231.386787876
737,3.9013998329242354,6267.433996416193,16865498.820784293
738,3.9013998329242354,24655.608327813377,16890154.429112107
739,3.9013998329242354,26228.668325754224,16916383.097437862
740,3.9013998329242354,22329.653498506443,16938712.75093637
741,3.9013998329242354,25813.04418391914,16964525.795120288
742,3.9013998329242354,26620.026354443617,16991145.82147473
743,3.9013998329242354,24420.31175306691,17015566.1332278
744,3.9013998329242354,26559.86779721636,17042126.001025014
745,3.9013998329242354,27072.40593163389,17069198.406956647
746,3.9013998329242354,26348.155759140518,17095546.562715787
747,3.9013998329242354,26023.244238613028,17121569.8069544
748,3.9013998329242354,26673.776255192985,17148243.583209593
749,3.9013998329242354,26146.156328255638,17174389.73953785
750,3.9013998329242354,26244.45447551392,17200634.194013365
751,3.7063298412780235,26566.327345630496,17227200.521358997
752,3.7063298412780235,26569.45413580424,17253769.975494802
753,3.7063298412780235,26970.72716572393,17280740.702660527
754,3.7063298412780235,25384.46409935659,17306125.166759882
755,3.7063298412780235,9466.581321339096,17315591.748081222
756,3.7063298412780235,26212.92069111403,17341804.668772336
757,3.7063298412780235,26094.17122136274,17367898.8399937
758,3.7063298412780235,25662.099632711586,17393560.93962641
759,3.7063298412780235,26249.759908840395,17419810.69953525
760,3.7063298412780235,15164.829590544019,17434975.529125795
761,3.7063298412780235,25733.214694032453,17460708.74381983
762,3.7063298412780235,27122.10425742857,17487830.848077256
763,3.7063298412780235,26176.003391422782,17514006.85146868
764,3.7063298412780235,25940.12589473802,17539946.977363415
765,3.7063298412780235,26395.691905445114,17566342.66926886
766,3.7063298412780235,25610.2321790927,17591952.901447956
767,3.7063298412780235,27041.131235622004,17618994.032683577
768,3.7063298412780235,26680.305237304558,17645674.33792088
769,3.7063298412780235,25844.245308517886,17671518.5832294
770,3.7063298412780235,26203.345595608924,17697721.92882501
771,3.7063298412780235,26652.574806511086,17724374.50363152
772,3.7063298412780235,26592.513623178274,17750967.0172547
773,3.7063298412780235,21431.69857975631,17772398.715834454
774,3.7063298412780235,25167.45859835737,17797566.17443281
775,3.7063298412780235,26420.328287321583,17823986.502720132
776,3.7063298412780235,25776.537499183185,17849763.040219314
777,3.7063298412780235,25529.35924606154,17875292.399465375
778,3.7063298412780235,26221.012866303816,17901513.412331678
779,3.7063298412780235,26469.102672403063,17927982.51500408
780,3.7063298412780235,25077.800929438003,17953060.315933518
781,3.7063298412780235,24929.691952637953,17977990.007886156
782,3.7063298412780235,9938.410731743383,17987928.4186179
783,3.7063298412780235,24850.829777287363,18012779.24839519
784,3.7063298412780235,27032.679521031143,18039811.92791622
785,3.7063298412780235,25418.322943716677,18065230.25085994
786,3.7063298412780235,27077.617968360206,18092307.8688283
787,3.7063298412780235,25616.041523591975,18117923.91035189
788,3.7063298412780235,26085.303110092023,18144009.213461984
789,3.7063298412780235,25780.03184770737,18169789.245309692
790,3.7063298412780235,26288.80874222351,18196078.054051917
791,3.7063298412780235,27057.019350198516,18223135.073402114
792,3.7063298412780235,27138.858278070526,18250273.931680184
793,3.7063298412780235,13518.223114475739,18263792.15479466
794,3.7063298412780235,26359.01747875514,18290151.172273416
795,3.7063298412780235,25149.178883543438,18315300.35115696
796,3.7063298412780235,26025.570082294405,18341325.921239257
797,3.7063298412780235,26214.302102919588,18367540.223342177
798,3.7063298412780235,24508.358052303844,18392048.58139448
799,3.7063298412780235,24871.635132709285,18416920.216527186
800,3.7063298412780235,26383.399515259378,18443303.616042446
801,3.521013349214122,26448.745789970395,18469752.361832418
802,3.521013349214122,26019.544507223334,18495771.90633964
803,3.521013349214122,25707.556002339956,18521479.462341983
804,3.521013349214122,26546.11121344506,18548025.57355543
805,3.521013349214122,26140.91308910431,18574166.486644533
806,3.521013349214122,26606.94450104069,18600773.431145575
807,3.521013349214122,26625.965118813954,18627399.39626439
808,3.521013349214122,12183.82692781475,18639583.223192204
809,3.521013349214122,20337.223438204383,18659920.446630407
810,3.521013349214122,26776.43151835142,18686696.878148757
811,3.521013349214122,20897.015616140157,18707593.8937649
812,3.521013349214122,26466.821939093083,18734060.71570399
813,3.521013349214122,22695.31744354806,18756756.03314754
814,3.521013349214122,26589.794688659724,18783345.8278362
815,3.521013349214122,9043.07424634762,18792388.902082548
816,3.521013349214122,23914.527470952944,18816303.4295535
817,3.521013349214122,25622.020135550207,18841925.449689053
818,3.521013349214122,18894.89450614203,18860820.344195195
819,3.521013349214122,25570.225047726974,18886390.56924292
820,3.521013349214122,25769.794141949824,18912160.36338487
821,3.521013349214122,26597.171036638905,18938757.534421507
822,3.521013349214122,24292.914945187036,18963050.449366692
823,3.521013349214122,26329.654172043174,18989380.103538737
824,3.521013349214122,26259.990217804465,19015640.09375654
825,3.521013349214122,26735.496009914244,19042375.589766458
826,3.521013349214122,26215.791196156162,19068591.380962614
827,3.521013349214122,26167.795378291103,19094759.176340904
828,3.521013349214122,25628.790402294304,19120387.966743197
829,3.521013349214122,26678.65133416901,19147066.618077368
830,3.521013349214122,26841.510817868075,19173908.128895234
831,3.521013349214122,26419.06760536259,19200327.196500596
832,3.521013349214122,25382.071774195294,19225709.26827479
833,3.521013349214122,26247.342611222703,19251956.610886015
834,3.521013349214122,26224.107759331895,19278180.718645345
835,3.521013349214122,26369.506782661505,19304550.225428008
836,3.521013349214122,26144.34060086645,19330694.566028874
837,3.521013349214122,26430.315511661374,19357124.881540537
838,3.521013349214122,24256.532893554177,19381381.41443409
839,3.521013349214122,23564.470136758384,19404945.88457085
840,3.521013349214122,24852.00380345712,19429797.888374306
841,3.521013349214122,26232.422329787998,19456030.310704093
842,3.521013349214122,25925.263406163587,19481955.57411026
843,3.521013349214122,26607.894684698276,19508563.468794957
844,3.521013349214122,26533.896020934735,19535097.36481589
845,3.521013349214122,25804.46361318623,19560901.828429077
846,3.521013349214122,26107.25175549303,19587009.08018457
847,3.521013349214122,26321.378676616972,19613330.458861187
848,3.521013349214122,25950.32335736711,19639280.782218553
849,3.521013349214122,26369.091969042107,19665649.874187596
850,3.521013349214122,15094.60187310461,19680744.4760607
851,3.3449626817534157,26300.583983791916,19707045.06004449
852,3.3449626817534157,12057.25967001486,19719102.319714505
853,3.3449626817534157,26415.765830068984,19745518.085544575
854,3.3449626817534157,25987.463877680602,19771505.549422257
855,3.3449626817534157,25419.80692292648,19796925.356345184
856,3.3449626817534157,25535.74551958257,19822461.101864766
857,3.3449626817534157,25426.693925956402,19847887.795790724
858,3.3449626817534157,19941.975924363156,19867829.771715086
859,3.3449626817534157,9164.263704032675,19876994.035419118
860,3.3449626817534157,24325.02836557989,19901319.063784696
861,3.3449626817534157,26574.764105396705,19927893.827890094
862,3.3449626817534157,24965.951519410617,19952859.779409505
863,3.3449626817534157,26144.533207834316,19979004.31261734
864,3.3449626817534157,25880.22691959739,20004884.539536938
865,3.3449626817534157,25535.718707017015,20030420.258243956
866,3.3449626817534157,25748.32759777189,20056168.585841727
867,3.3449626817534157,24582.53715186058,20080751.12299359
868,3.3449626817534157,26028.936401515246,20106780.059395105
869,3.3449626817534157,25857.641637681303,20132637.701032788
870,3.3449626817534157,27027.244376305905,20159664.945409093
871,3.3449626817534157,26614.029774530733,20186278.975183625
872,3.3449626817534157,26348.785975151935,20212627.761158776
873,3.3449626817534157,26444.52457152554,20239072.285730302
874,3.3449626817534157,25857.908074376155,20264930.193804678
875,3.3449626817534157,26399.033859501214,20291329.22766418
876,3.3449626817534157,18456.829906339226,20309786.05757052
877,3.3449626817534157,25878.990754019014,20335665.04832454
878,3.3449626817534157,14151.440977936816,20349816.48930248
879,3.3449626817534157,26261.681340476924,20376078.170642957
880,3.3449626817534157,24574.987434353163,20400653.15807731
881,3.3449626817534157,25449.007368348295,20426102.16544566
882,3.3449626817534157,24084.874516377953,20450187.03996204
883,3.3449626817534157,25554.503845281884,20475741.54380732
884,3.3449626817534157,24948.021827549346,20500689.56563487
885,3.3449626817534157,25072.856413342546,20525762.42204821
886,3.3449626817534157,24932.415255184693,20550694.837303396
887,3.3449626817534157,11899.06866321226,20562593.90596661
888,3.3449626817534157,25929.108268194846,20588523.014234804
889,3.3449626817534157,15901.205204152806,20604424.219438955
890,3.3449626817534157,25666.694272323715,20630090.91371128
891,3.3449626817534157,25540.95037997194,20655631.86409125
892,3.3449626817534157,17073.962051516264,20672705.826142766
893,3.3449626817534157,25991.775161285237,20698697.60130405
894,3.3449626817534157,26282.358802780855,20724979.96010683
895,3.3449626817534157,26167.71684267036,20751147.6769495
896,3.3449626817534157,25674.450139513727,20776822.127089016
897,3.3449626817534157,26107.279833728786,20802929.406922746
898,3.3449626817534157,25235.528662614193,20828164.93558536
899,3.3449626817534157,12679.156052014076,20840844.091637377
900,3.3449626817534157,25222.653517479244,20866066.745154858
901,3.1777145476657447,26164.56650611496,20892231.31166097
902,3.1777145476657447,25606.952842903713,20917838.264503874
903,3.1777145476657447,13224.57887705795,20931062.84338093
904,3.1777145476657447,26192.91857164703,20957255.76195258
905,3.1777145476657447,26868.625887865088,20984124.387840442
906,3.1777145476657447,27239.42012553944,21011363.807965983
907,3.1777145476657447,27157.64163505567,21038521.44960104
908,3.1777145476657447,26357.099364158596,21064878.548965197
909,3.1777145476657447,26042.76341600063,21090921.312381197
910,3.1777145476657447,26163.599648075193,21117084.912029274
911,3.1777145476657447,26663.009625612485,21143747.921654887
912,3.1777145476657447,26001.265011934815,21169749.186666824
913,3.1777145476657447,26389.650020738747,21196138.83668756
914,3.1777145476657447,25447.828074500605,21221586.66476206
915,3.1777145476657447,25484.843197129383,21247071.50795919
916,3.1777145476657447,27230.57596398372,21274302.083923176
917,3.1777145476657447,26517.773985562486,21300819.857908737
918,3.1777145476657447,25858.783607538702,21326678.641516276
919,3.1777145476657447,26078.033664680126,21352756.675180957
920,3.1777145476657447,26512.62094685292,21379269.29612781
921,3.1777145476657447,23799.55916400175,21403068.855291814
922,3.1777145476657447,14310.604691993685,21417379.459983807
