7,-4482.5885378874555,0
3,-3119.551249779365,0
5,-3030.181512715039,0
4,-3071.025887224007,0
2,-4057.585488933043,0
5,-2660.0,0
1,65.00588255649689,0
1,-2202.81637909291,0
7,-2556.560189003967,0
5,-2216.3934668736056,0
4,-3565.9500837785154,0
6,-5013.940566061788,0
3,-4121.067822785741,0
2,-2898.689359003479,0
2,-2828.0028288528993,0
2,-3014.697331408246,0
10,-3589.8746496221843,0
6,-2350.319127267614,0
4,-2726.3161958951127,0
4,-1095.0799057603056,0
10,-2772.796422386613,0
0,-2628.535714043087,0
0,-3617.125930901494,0
4,-2674.023186137323,0
10,-2986.7708315168743,0
0,-3751.746260076766,0
7,-4111.398788733586,0
1,0.0,0
5,-5728.734589767622,0
5,-5295.809664253427,0
1,-4512.515927949728,0
1,-4345.526435312528,0
4,-3218.5089715581034,0
3,-3711.657311767885,0
10,-4393.677275358307,0
9,-2937.4138285233153,0
4,-3941.421063525185,0
4,-2471.032172999777,0
11,-1869.973261840928,0
9,-1659.5180023127195,0
4,-3882.8340165399804,0
10,-2866.7751917442006,0
11,-3067.637527479412,0
2,-3692.478842187183,0
1,-4047.764815302391,0
1,-3545.024682565694,0
4,-2202.0899164203083,0
7,-2427.014627067583,0
3,-4700.723348592214,0
1,-4769.444412088267,0
6,-3592.659182277105,0
3,-3687.6550814847096,0
4,-2910.3951621729993,0
5,-1844.0173534975206,0
6,-2464.305175906588,0
11,-3198.5621769788995,0
1,-5793.651698195189,0
3,-3506.9074695520558,0
5,-1621.480804696744,0
9,-1973.017992822164,0
1,-4349.206824238185,0
6,-1418.308852119312,0
10,-2156.7568244936656,0
2,57.69615392628539,0
1,-1644.0194646049663,0
2,-4180.908992073374,0
0,-2327.745690577044,0
10,-3534.5155254999236,0
7,-3175.7203907145226,0
8,-3476.43495552556,0
8,-2746.634304016463,0
10,-2844.9956063234963,0
4,-3738.9838191679837,0
4,-3110.8841187032344,0
1,-5007.634171941876,0
11,-1538.960688256851,0
8,-3742.191871083042,0
0,-2968.7707894008927,0
1,-2310.4112188093272,0
11,-3525.790691461988,0
6,-4300.0,0
6,-4303.347534187775,0
11,-3648.7258049900106,0
8,0.0,0
7,-3350.7611075694426,0
0,-2803.212442894758,0
5,-3840.8332429304974,0
6,-2418.3465425782138,0
10,-4600.2608621685795,0
4,-3646.916505762094,0
8,-4014.9221661197867,0
11,-4349.62067311622,0
9,-1604.9922118191103,0
5,-2764.416755845616,0
0,0.0,0
9,0.0,0
6,-2935.5749011054036,0
1,-3178.9935514247272,0
4,-3287.795614085523,0
10,-3257.115288103877,0
2,-3583.796869243568,0
3,-3682.010320463537,0
6,-3771.3658003434243,0
6,-2300.0869548780106,0
1,-2156.4786110694445,0
1,-3912.8506232668788,0
8,-3582.959670440068,0
10,-2474.267568392715,0
3,-2080.4807136813356,0
0,-3426.776911326443,0
4,-3571.7222736377475,0
9,-4315.970342808208,0
6,-4505.330176579736,0
9,-4298.3252552593085,0
7,-3571.7222736377475,0
8,-3916.17159991745,0
9,-2368.2060721145026,0
6,-3272.8580781940423,0
5,0.0,0
7,-3546.7167916257426,0
6,-3726.3923572270273,0
6,-2521.0315349078837,0
8,-2915.132930073687,0
3,-3703.9438440667536,0
7,-2335.294413987239,0
6,-2720.073528417936,0
9,-2855.871145552614,0
1,-3155.3129797216634,0
3,-4532.107677449864,0
3,-2940.8162132306056,0
2,-3277.37699998032,0
9,-4236.366367537161,0
0,-2721.396700225823,0
10,-4115.04556475381,0
1,-3378.697974072261,0
10,-2201.5449121014994,0
3,-3036.5111559156176,0
0,-3257.115288103877,0
1,-3402.646029195514,0
1,-2613.0442016927304,0
7,-2514.835978746924,0
6,-3745.397175200515,0
7,-3428.8773673025985,0
4,-3138.725856139717,0
8,-3698.8106196451854,0
0,-4245.373952904502,0
7,-4090.2811639299316,0
4,-4168.117080889163,0
0,-3609.099610706249,0
2,-2848.7892164918067,0
8,0.0,0
11,-3233.202746503844,0
1,-3406.4644427910885,0
9,-2598.538050519946,0
5,-3080.84404019418,0
10,-3411.040896852455,0
1,-3153.474274510576,0
4,-3737.69982743398,0
4,-2683.728749333658,0
2,-4362.063731767338,0
11,-4148.879366768814,0
11,-1819.3405398660252,0
10,-3448.535921228022,0
10,-3154.742461755,0
8,-3993.4947101504968,0
3,0.0,0
4,-2860.5593858544526,0
9,-5042.102735962448,0
8,-2279.2103895867094,0
1,-3402.8223579846185,0
6,-2921.711826994579,0
5,-2597.691282658507,0
8,-1423.5167719419396,0
4,-3228.9936512789864,0
7,-2900.8964131798984,0
0,-2696.812933816508,0
11,-3326.559784522142,0
5,-2678.5817142659657,0
8,-1407.4089668607346,0
8,-2274.1152125607005,0
11,-2077.4984957876623,0
10,-3864.970892516527,0
1,-4232.540608192673,0
1,-1884.1443681416772,0
0,-4785.3108571962175,0
10,-3309.682764254,0
10,-3808.7268213932066,0
11,-2765.574081452168,0
9,-3098.967570014246,0
6,-2563.981279182826,0
0,-4087.542048713383,0
6,-2684.324868565651,0
3,-3453.172454425061,0
1,-3613.1426763968234,0
4,-4563.375943312144,0
7,-4192.660253347509,0
2,-4646.417975171842,0
11,-4459.6860876075125,0
2,0.0,0
0,-3545.588808646598,0
11,-3204.6216625367806,0
6,-3067.8331114974294,0
10,-4027.555089629439,0
0,-2715.437349673161,0
5,-2954.6573405388312,0
10,-4209.798094920942,0
5,-6108.125735444548,0
11,-4233.72176695635,0
6,-4267.833173871724,0
9,-1830.6283074398254,0
3,-3070.765376905243,0
0,-2116.8845032263807,0
1,-2153.50876478365,0
9,-1788.183435780569,0
5,-4427.414595449583,0
9,-4900.0,0
9,-3802.157282385883,0
7,-3797.9994734070197,0
4,-3528.909179902481,0
0,-2291.1132665147743,0
1,-2378.1505419127698,0
11,-3242.4065136870177,0
6,-2329.0341345716683,0
6,-4566.574208309769,0
9,-4764.241807465276,0
7,-2394.2430954270285,0
4,-2136.352030916253,0
0,-3659.125578604812,0
1,-3764.359175211632,0
0,-2794.6377224964244,0
4,-1892.08879284245,0
6,-2127.3457640919587,0
1,-3879.226727068167,0
8,-1657.4679484080527,0
2,-1666.0132052297786,0
0,-1987.9637823662686,0
4,-2134.0103092534487,0
1,-2368.2060721145026,0
5,-2776.8327281274974,0
1,0.0,0
5,-4793.2452472203,0
3,-3075.3861546153844,0
10,-2260.088493842664,0
2,-3300.727192604684,0
3,-4748.431319920295,0
1,-3493.1933814205017,0
10,-2844.5737817817276,0
2,-2155.365398256175,0
6,-2577.8285435614216,0
3,-3365.4123075783746,0
0,-3567.9125549822543,0
3,-3713.650495132788,0
8,-2591.833327974621,0
4,-3574.24117820832,0
1,-2938.0946206682993,0
7,-3005.794404146764,0
8,-3047.228248753283,0
9,-1755.6765077883797,0
10,-1522.8919856641178,0
11,-4393.540713365474,0
5,-1921.7700174578645,0
1,-3469.4091716025655,0
4,-2985.09631335406,0
5,-3971.6998879572966,0
1,-3902.101997641784,0
5,-3473.442096825568,0
5,0.0,0
9,-2614.192035792321,0
4,-3103.6108003420786,0
6,-3581.619745310772,0
4,-4046.529377132952,0
3,-2709.5387061269303,0
8,-2751.7267306184312,0
9,-2600.3845869409397,0
2,-2047.9257799051215,0
11,-2722.498852157701,0
8,-3519.37494450364,0
5,-3716.449918941462,0
5,-3052.40888479902,0
7,-2648.3202223296184,0
6,-4361.192497471306,0
4,-3021.05941682715,0
7,-2890.3978964841504,0
7,-2169.423886657469,0
1,-2576.5092664300664,0
11,-1868.2612237050794,0
11,-2666.38331827965,0
6,-2374.8684174075834,0
0,-3406.992808915217,0
4,-3462.7156972526636,0
3,-3430.801655590133,0
6,-2982.146877670515,0
5,-2553.194078012872,0
5,-2780.8631753468208,0
10,0.0,0
5,-3374.551822094306,0
6,-3653.272505576336,0
9,-3386.384502681289,0
8,-3787.664187860376,0
0,-2798.356660613511,0
10,-2709.4648918190474,0
2,-3079.090774887937,0
3,-2465.846710564142,0
2,-2557.3423705088844,0
1,-2929.8464123567983,0
8,-2682.6852219371544,0
8,-1828.879438344693,0
3,-3362.082687858822,0
8,-1954.2773600489772,0
8,-3148.8410566429043,0
6,-2706.6584564735904,0
8,-2623.737791777219,0
11,-2608.907817459253,0
1,0.0,0
11,-3409.3401121038073,0
1,-3410.630440255877,0
6,-4167.541241547587,0
5,-3323.131053690179,0
9,-3403.23375629709,0
4,-3347.177915797127,0
6,-2553.350739714386,0
9,-1847.1599822430107,0
5,-1920.2083220317531,0
11,-1921.3536894595954,0
1,-2578.061287091523,0
0,-2169.700440152972,0
10,-2992.1229921244885,0
9,-2905.6496691789944,0
8,-3003.13169874383,0
5,-2799.214175442815,0
5,-2805.7797490180874,0
11,-2463.655820117737,0
6,-2878.680253171581,0
2,-2563.5912310662943,0
1,-2620.7632476055524,0
11,-2642.650184946922,0
9,-2484.190008835878,0
8,-2480.322559668399,0
7,-2400.4166305039635,0
6,-1961.0201426808444,0
0,-2773.157045679166,0
9,-2745.250443948603,0
1,-2868.658222932805,0
2,-2743.2097987576526,0
6,-1806.3222303896944,0
4,0.0,0
5,0.0,0
7,-3724.9966442937903,0
10,-2560.7811308270766,0
1,-2792.4183067728227,0
9,-3019.4701521955803,0
4,-3154.996038032378,0
3,-4124.124149440703,0
9,-2375.3736548172797,0
7,-2470.384585444137,0
2,-2743.2827050816327,0
6,-3536.382332271215,0
5,-3725.1040253931164,0
10,-3101.6124838541646,0
10,-3135.155498535918,0
10,-3998.4997186444816,0
1,-3252.62970533075,0
9,-3638.571148129441,0
0,-4275.371328902321,0
3,-2441.474964033013,0
8,-2733.495930123182,0
11,-2435.159132377184,0
8,-2440.655649615488,0
7,-2765.9356463952663,0
8,-1648.3931569865242,0
9,-2483.7069070242565,0
3,-2762.6074639731214,0
7,-2668.7824939473808,0
8,-2593.144808914458,0
5,-2560.8592308051607,0
6,-1633.278910657944,0
8,-1954.3796969882796,0
5,-2707.3972741361767,0
10,-2400.4166305039635,0
2,-3174.964566731415,0
1,-2267.8624296901257,0
4,-2416.6091947189143,0
9,0.0,0
1,-2319.051530259731,0
7,-3022.7140122744,0
2,-1670.4490414256882,0
7,-1774.8239349298847,0
6,-2329.3775992741066,0
3,-3453.9832078341087,0
10,-2489.738942138312,0
1,-3202.561474819804,0
10,-3190.109715981568,0
9,-3606.383229774673,0
3,-4174.685616905781,0
5,-3332.806625053425,0
3,-3231.1607821338757,0
11,-3150.4285422780185,0
3,-3299.696955782455,0
6,-3036.6428831853113,0
4,-2952.01626011782,0
11,-3481.493932207839,0
10,-3477.8154062572094,0
7,-3388.332923430046,0
11,-3472.463102755737,0
0,0.0,0
4,-3996.5485109028764,0
8,-3621.54663092994,0
7,-2418.1811346547224,0
2,-3119.358908493859,0
0,-2981.6103031751145,0
1,-2553.507391804457,0
6,-3466.467943022119,0
6,-3667.096944450746,0
9,-2725.142198124714,0
11,-3424.675167077894,0
3,-2517.141235608364,0
3,-2562.6548733686323,0
3,-2451.61171477051,0
3,-2416.4436678722723,0
8,-2620.6869328479506,0
8,-2316.8081491569387,0
6,-4023.1828196093697,0
3,-2944.3505226110565,0
9,92.79860141569964,0
6,-2717.425251961864,0
7,-2737.73629117196,0
7,-2387.634812947742,0
1,-1920.9372712298546,0
9,-2369.8945124203315,0
3,-2666.6083326952985,0
10,0.0,0
0,-2068.235963327202,0
5,-2433.433787880821,0
10,-1810.7457027423811,0
11,-3680.7064539297344,0
3,-3802.157282385883,0
3,-3218.4468303826307,0
7,-2400.0,0
7,-3513.687521678614,0
2,-2117.545749210628,0
11,-3126.46765535804,0
7,-3297.817460078711,0
4,-3198.8122795812824,0
0,-3603.8312946085584,0
9,-2018.316129846858,0
2,-2167.4870241826134,0
6,-3111.9768636672093,0
10,-4041.8807503438297,0
4,-4369.851256049798,0
2,-2196.906916553362,0
5,-2098.570942331948,0
7,-3084.282736715297,0
8,-4134.247210799083,0
1,-2113.764414498456,0
11,-3857.771377362842,0
3,-4183.491364876949,0
8,-2678.9550201524476,0
0,-3320.3614261101156,0
1,-3709.716970336147,0
2,0.0,0
5,-4270.316147546924,0
6,-1939.5875850293535,0
0,-4067.874137679287,0
3,-2776.8327281274974,0
10,-1769.7457444503152,0
8,-3040.131576099956,0
0,-1641.7064292984905,0
4,-1983.3305322109072,0
11,-4304.230477100407,0
0,-4067.136584871474,0
10,-2539.054942296444,0
6,-2189.977168830762,0
4,-4368.111720182989,0
3,-2341.2817002659035,0
8,-3154.488865093678,0
7,-4645.901419530983,0
7,-1773.583942191629,0
9,-4193.614193032068,0
11,-4936.800583373811,0
4,62.91383577169104,0
6,-2100.6665608801413,0
0,-2598.9228537992426,0
4,-5090.108053862904,0
9,-1680.2380783686579,0
11,-1245.3112060846477,0
10,-2337.1777852786468,0
6,-3587.7012138694045,0
1,-2252.9980026622306,0
6,-2463.4122675670833,0
11,-1991.682705653689,0
9,-2932.371054283547,0
0,0.0,0
9,-3014.299255216708,0
7,-1880.7445334228678,0
10,-2991.3207785190807,0
8,-2851.9467035693356,0
5,-3992.0921833043885,0
1,-3918.826354918013,0
4,-4227.197653292308,0
8,-4208.087451562764,0
10,-4234.571997262534,0
10,-4171.618390984487,0
11,-4130.7142239569175,0
6,-3561.4042174400815,0
1,-3347.7753807566,0
6,-2706.5845636151844,0
8,-2398.999791579816,0
6,-2642.8772200009594,0
1,-4247.069577956076,0
7,-3691.341219665286,0
10,-3091.2133540084224,0
0,-3462.022530255977,0
3,-2386.0427489883746,0
11,-2029.6797776989354,0
6,-3712.088361017286,0
9,-4013.826104853074,0
1,-2965.7376822638917,0
6,-5613.73316074072,0
11,-4598.5649935604915,0
0,-1753.396703544295,0
10,-4300.837127815932,0
4,-3643.0207246185137,0
4,-3874.067629765903,0
10,-4375.477116841088,0
8,-3497.313254485506,0
3,-2307.0327262524906,0
4,-3462.542418512732,0
4,53.04640285167342,0
10,-3190.1724091340266,0
10,-3306.7204296704613,0
11,-3005.1955011280047,0
11,-3574.4649949328086,0
4,-3896.7165665467637,0
7,-3190.235101054466,0
4,-4499.733325431631,0
4,-4171.37866897744,0
9,-3790.4089489130324,0
3,-5071.41006032839,0
11,-3022.316991978174,0
4,-3513.915195334116,0
10,-2151.650529244933,0
10,-3392.4032779137565,0
2,61.97727566133845,0
10,-1594.741358339966,0
5,-2503.597411725775,0
1,-2193.6271333114023,0
11,-3257.299494980466,0
6,-3142.0375554725633,0
9,-3360.8332300190086,0
11,-5058.260570591436,0
0,-3590.2089075707,0
7,-2881.804989932525,0
3,-3887.3126964523963,0
2,-2281.4907407219516,0
11,-2819.148807707745,0
3,-3402.3521275729236,0
0,-3563.874296324156,0
2,0.0,0
8,-4114.608122288197,0
8,0.0,0
10,-3257.5450879458294,0
6,-2941.3602295536666,0
6,-2491.9069003476034,0
11,-3444.29963853321,0
6,0.0,0
8,-3660.218572708466,0
1,-3249.122958584362,0
9,-3402.646029195514,0
11,-3310.6494831075065,0
1,-3399.411713811671,0
9,-3414.4399247900087,0
11,-3982.86329165338,0
8,-3871.692136521188,0
4,-3015.4270012719594,0
7,-2293.0329260610283,0
2,-3138.598413304894,0
1,-2696.219575628068,0
1,-3497.427626127523,0
3,-1864.4033898274267,0
3,-1462.3269128344728,0
8,-1572.8954192825408,0
6,0.0,0
6,-3590.0417824866604,0
6,-3271.696807468565,0
2,-3226.0812141048154,0
0,-3077.921376513702,0
5,-3086.810651789319,0
1,-2598.076211353316,0
5,-2671.778433927484,0
7,-3013.6356780473648,0
11,-3169.163927599833,0
1,-3284.448203275552,0
7,0.0,0
3,-3132.985796329118,0
9,-3669.0053147958233,0
3,-4089.6454614061595,0
0,-4796.79059371993,0
10,-3852.3758902786217,0
3,-2848.5785929126127,0
2,-2989.113580980154,0
3,-3013.171087077533,0
6,-3552.6328265105026,0
5,-2779.4963572561123,0
4,-2523.0140705116964,0
1,-1566.780137734711,0
6,-3941.3703200790455,0
11,-3803.2617580177152,0
9,-2392.153841206706,0
11,-3619.613239007726,0
11,85.96875762567151,0
8,-2020.7919239743612,0
3,-2900.2758489495445,0
8,-3024.3015722642476,0
10,-1731.3578486263318,0
4,-3660.655678973372,0
2,-2716.54191942624,0
0,-4499.3332839433,0
4,-4397.317364030028,0
5,-4339.8156642880585,0
9,-2909.7078891187684,0
1,-3586.8649263667567,0
8,-2014.9441679609886,0
1,-1925.2012881774206,0
6,-3060.4574821421716,0
6,-4136.762018777488,0
11,-3335.6258783023013,0
5,-2855.871145552614,0
0,-3503.1985384788,0
3,0.0,0
2,-3704.4837697039516,0
5,-3896.7165665467637,0
9,-4091.8944267906036,0
2,-4493.239365980851,0
1,-3812.033578026301,0
1,-3376.3886032268265,0
3,-3230.108357315587,0
5,-2541.9677417308035,0
6,-2206.8982758613956,0
11,-3309.017981214366,0
11,-3050.704836591046,0
8,-2765.646398222303,0
2,-2669.7565432076385,0
9,-3598.8331442288345,0
2,-3581.3405311419356,0
7,-2310.4977818643324,0
5,-3261.9625994177186,0
3,0.0,0
1,-3291.564977332211,0
9,-3705.8872082134394,0
4,-3288.8903903900477,0
3,-2824.8893783651065,0
10,-3213.5338803255213,0
10,-2668.632608659349,0
2,-5215.246878144888,0
6,-2373.6048533822977,0
0,-2241.160413714288,0
2,-3139.554108468271,0
9,-3252.5682160409797,0
0,-2400.1666608800315,0
2,-2621.7551373078304,0
2,-2066.301042926708,0
8,-2357.62592452662,0
6,-2097.3316380582255,0
0,-4106.044325138247,0
1,-3900.8204265256813,0
4,-2603.5360569809664,0
4,-3401.4702703389894,0
9,-2905.1678092667903,0
3,-3146.1722775461612,0
1,-1847.4847766625844,0
6,-4300.093022249635,0
1,-4629.168391838863,0
7,-3067.637527479412,0
6,-3321.806737304264,0
7,-2975.231083462258,0
4,-1749.5142182903232,0
2,-2049.1949638821584,0
9,-2977.045515271811,0
2,-2778.776709273345,0
1,-3764.5185615162,0
5,-2956.619691472002,0
1,73.3449284130528,0
4,-4340.322568657772,0
10,-2605.379051117131,0
6,-1648.878406675277,0
11,-4331.835638617883,0
4,-4244.808594035778,0
10,-2296.867431960321,0
6,-4471.196707817718,0
3,-3295.2086428631496,0
9,-3403.821381917682,0
8,-3440.058139043583,0
1,-3149.857139617605,0
8,-3191.6140117501673,0
6,-3445.228584578968,0
9,-3560.3370626950477,0
5,-4513.933982680739,0
3,-2816.0965892525774,0
9,-3150.4285422780185,0
7,-3389.21819893615,0
0,-4004.0979009010252,0
5,-3139.808911382984,0
4,-2615.7216977346807,0
4,-3310.4682448257977,0
7,-4463.541195060263,0
0,-2995.797055876783,0
6,-3418.1866537683395,0
3,-2666.38331827965,0
7,-4332.481967648567,0
3,-2400.749882849107,0
2,-3085.3200806399327,0
7,-2796.354770053328,0
2,-3942.638710305574,0
5,-2728.88255518628,0
8,0.0,0
7,-1476.48230602334,0
8,-3829.3080314855843,0
9,-2605.379051117131,0
6,-3666.7696955222045,0
11,-3524.8829767809316,0
0,-3195.872337875842,0
3,-2854.8905408088767,0
5,-2684.324868565651,0
10,-3483.905854066668,0
11,-3242.591556147644,0
11,-2834.2194692719195,0
4,-2856.851413707055,0
0,-2974.894956128703,0
4,-2623.81401779928,0
8,-3150.745943423557,0
3,-3368.560523428368,0
10,-3034.007251144928,0
7,-3679.021609069455,0
5,-2978.9931184881916,0
7,-2863.7038953076135,0
10,-2055.3345226507536,0
3,-3294.7837561818833,0
5,-2954.6573405388312,0
8,-2791.845267918693,0
0,-4570.601710934787,0
9,-4342.7640967476,0
6,-4152.541390522194,0
7,-4261.736735182031,0
0,-2425.613324501661,0
11,-2676.564962783455,0
6,-3144.6462440153746,0
11,-4048.011857690143,0
1,-4227.434210014391,0
11,-1682.0225920004762,0
3,-2135.602959353634,0
3,-3878.2470266861546,0
11,-2043.0369551234262,0
8,-3510.7833883622043,0
6,-2544.169805653703,0
3,-4219.241638019799,0
4,-4857.406715522183,0
7,-4165.861255490874,0
7,-3685.0508816025867,0
11,-3351.7756488166087,0
4,-3367.729205265768,0
3,-2364.571842850202,0
2,-2167.210188237403,0
8,-3472.463102755737,0
7,-2454.46531855718,0
10,-2421.652328473268,0
5,-2714.553370261856,0
7,-2565.462921189858,0
8,-3807.886552931954,0
0,-3664.205234426696,0
6,-2203.633363334291,0
4,-2918.2186347153634,0
5,-3249.184513074011,0
1,-3384.021276528858,0
6,-3482.6426747514597,0
6,-3647.0810246003584,0
10,-2755.4310007692084,0
1,-2630.6653150866605,0
9,-2530.059287842876,0
6,-2687.8988076190667,0
5,-2150.81379947219,0
10,-3344.368400759701,0
10,-3482.872377793938,0
10,-4393.3131006109725,0
7,-3572.8420060226563,0
6,-1740.4597093871494,0
9,-2715.6582995656872,0
9,-2483.0626250660694,0
1,-2554.7602627252522,0
1,-4721.567536316727,0
7,-3048.278202526797,0
11,-3980.5024808433423,0
4,-3093.8648968563575,0
10,-3222.7317604789887,0
9,-2783.163667483463,0
3,-3102.3217112349903,0
3,-3617.7340974704043,0
6,-3785.0759569657253,0
11,-3882.9885397719113,0
0,-2404.4126101815386,0
0,-2478.0637602773663,0
7,-2393.073337781356,0
6,-3642.5815021767185,0
9,-2369.81011897578,0
8,-2975.231083462258,0
11,-3454.041111509821,0
5,-1624.561479292181,0
10,-2029.482692707676,0
4,-4369.07312825043,0
1,-3001.9993337774076,0
3,-2558.2024939398366,0
7,-4542.818508371207,0
2,-1215.0720143267229,0
4,-2082.4984993992193,0
9,-2193.171219946131,0
1,-3478.965363437814,0
4,-3339.041778714366,0
9,-2131.1968468445143,0
11,-1978.3831782544048,0
3,-3507.5917664403305,0
2,-2436.2265904467918,0
4,-2973.146481423342,0
3,-5170.415844011002,0
11,-4866.456616471578,0
7,-4725.843839993023,0
4,-3926.779851226702,0
2,-3905.3809033178823,0
9,-2112.2499852053497,0
8,-2427.5913988972693,0
2,-3705.8872082134394,0
9,-4202.380277890139,0
1,-4315.460577968474,0
1,-1846.7268341582087,0
3,-2437.8679209506,0
8,-3554.096228297709,0
8,-2763.2589455206694,0
9,-3300.0,0
0,-3282.7427556846424,0
9,-3135.9209173702066,0
10,-2368.459414893994,0
4,-4055.7613342010154,0
9,-3786.607980765899,0
8,-2143.1752144890065,0
9,-2647.6404589747453,0
6,-4344.651884788929,0
7,-2776.2564723022256,0
4,-2310.4977818643324,0
11,-3526.8682992139074,0
9,-3533.4402499547095,0
10,-3567.1276960602345,0
7,-3513.7444414755037,0
9,0.0,0
11,-4420.4977095345275,0
11,-3552.463933666322,0
0,-3471.714273957464,0
5,-2818.865019826242,0
11,-3740.2138976267124,0
5,-4654.932867399915,0
2,-4977.187961088068,0
2,-4285.090430784396,0
9,-3251.645737161415,0
6,-3354.1019662496847,0
7,0.0,0
9,-3326.0186409579846,0
6,-2472.650399874596,0
1,0.0,0
9,-3812.1385074522145,0
8,-4152.204233897943,0
11,-3458.1497943264403,0
1,-4089.0585713584487,0
7,-3082.7260663250636,0
7,-4096.58394275035,0
3,-3375.499962968449,0
4,-3886.077714096824,0
3,-3185.02747240899,0
8,-2976.508021154991,0
1,-3132.0280969365517,0
6,-2690.5761464786683,0
11,-2713.3742830652764,0
7,-1856.1249957909624,0
3,-3146.4265445104547,0
0,-3052.8675044947495,0
4,-4309.013808286068,0
2,0.0,0
4,-3904.8687557970497,0
0,-4100.0,0
1,-3611.3709308239163,0
9,-3276.156284428446,0
1,-2791.845267918693,0
9,99.6810174983635,0
2,-4090.8189889067444,0
8,-2299.217258111986,0
4,-4548.977907178711,0
8,-1864.8324321504062,0
2,-2338.9741341023846,0
10,-1680.4761230080003,0
7,-2692.285274631944,0
11,-2864.751298105998,0
4,0.0,0
9,0.0,0
0,-2562.6548733686323,0
7,0.0,0
6,-3570.2100778525623,0
0,-2534.640013887574,0
9,-2791.128803907122,0
4,0.0,0
2,-3580.0,0
8,-2339.4871232815112,0
6,-4502.887962186046,0
3,-4295.579122772621,0
6,-6209.476628509041,0
2,-4121.747202340289,0
1,-3264.475455567096,0
8,-3828.576759058123,0
9,-5441.360124086624,0
2,-3502.5133832720753,0
5,-3798.3680706324394,0
10,0.0,0
0,-4297.720325940253,0
1,-3068.810844610661,0
6,-2598.9228537992426,0
4,-2581.007555200101,0
2,-3050.114751939671,0
2,-2626.0236099471763,0
2,-4658.3688132220705,0
4,-4200.428549564914,0
6,-2347.6797055816623,0
3,-3440.465084839548,0
6,-2007.7848490313897,0
2,-2357.371417490252,0
11,-3212.600192990096,0
8,-3383.25287260648,0
3,-4133.27956954281,0
6,-4221.374183841087,0
0,-3728.4313055224716,0
1,-3952.4169820503503,0
6,-2138.130024109853,0
1,-4228.900566341091,0
11,-3529.4192156784093,0
4,-4344.743951028645,0
1,-4096.144528700129,0
7,-3743.634597553559,0
6,-3766.4306710730784,0
4,-3138.534689946887,0
2,-3492.678055590008,0
4,-3371.765116374508,0
6,-2587.431158504512,0
10,-2426.272861819132,0
11,-3301.272481937836,0
3,-3366.065953008051,0
3,-3367.0164834761354,0
3,-3529.5892112255788,0
10,-3318.6744341679555,0
1,-2776.1844319137017,0
6,-3694.2116885744376,0
6,-3254.7196499852334,0
10,-3054.8322376196047,0
6,-3723.546696363562,0
10,-3092.2483729480723,0
0,-3659.56281541935,0
7,-2674.172769287729,0
6,-2652.3951440160645,0
3,-2998.999833277755,0
2,-2182.6589289213284,0
0,-3507.7628198040984,0
8,-2851.9467035693356,0
1,-4882.294542528134,0
10,-3283.7174056243025,0
5,-4495.775795121461,0
3,-3976.0281689143,0
10,-2880.3472012936218,0
2,101.87516233793613,0
1,-2255.4822100828014,0
1,-3674.88775338785,0
0,-3432.37527085836,0
8,-3339.4610343586883,0
8,-4580.218335407168,0
0,-3230.232189796888,0
10,0.0,0
1,-4195.664428907536,0
6,-4353.848871975232,0
3,-4932.747712989181,0
5,-4143.138906674503,0
3,-3636.811790566017,0
11,-2324.5644753372617,0
1,-3965.7029641666304,0
1,-4781.798824710216,0
2,-2899.448223369405,0
11,-2603.4592372457073,0
6,-1934.3215865000318,0
5,-3545.9836435042957,0
2,-3479.6551553278955,0
2,-3042.6961728046394,0
2,-1992.8873525616043,0
7,-2328.432949431871,0
1,-2758.840336083261,0
5,-1911.1253229445733,0
6,-2315.9447316376095,0
9,-2934.1438274222346,0
7,-2448.673110074107,0
2,-2779.7841642832636,0
9,-3048.212591011329,0
3,-3078.0513316057613,0
4,-3244.2564633518114,0
9,-3182.7660925679093,0
8,-2922.875296689888,0
3,-3398.882169184451,0
6,-3839.2707640904932,0
10,-1366.747965061591,0
7,-3104.899354246447,0
7,-4170.275770257886,0
4,-4335.94280405081,0
6,0.0,0
1,-1777.188791321845,0
9,-3074.020169094536,0
10,-2456.8272222523096,0
2,-2889.2905703649812,0
9,-2185.497654997598,0
1,-1927.6929216034384,0
2,-2096.5686251587376,0
4,-4357.109133358952,0
9,-4587.766341042228,0
4,-1916.1419571628821,0
0,-1881.3824704190267,0
1,-4620.0,0
1,-3118.0763300471012,0
2,-3272.9802932495636,0
11,-2471.4368290530915,0
5,-3087.134593761665,0
10,-3119.615360905892,0
5,-2521.1108662651072,0
5,-5340.936247513164,0
3,-2062.4257562394823,0
4,-3504.6825819180826,0
7,-3322.2281679619778,0
4,0.0,0
2,-2562.6548733686323,0
0,-2642.8015438167126,0
0,-3114.546515947386,0
10,-3109.790989761209,0
4,-3608.5454133209964,0
7,-3886.129179530706,0
7,-1808.203528367313,0
7,0.0,0
11,-2404.4126101815386,0
3,-3370.2818873204064,0
11,-3397.4107788137717,0
0,-4133.1344038151,0
6,-3989.686704491971,0
2,-2674.5466905627204,0
0,-3588.4815730333635,0
10,-4839.421453025145,0
11,-3359.2261013513216,0
9,-2625.795117673883,0
7,-2930.32421414423,0
0,-3392.9338337197205,0
8,0.0,0
3,-2607.757657452088,0
6,-2157.127719909046,0
11,-3302.4839136625633,0
10,0.0,0
10,-3426.6018152099323,0
6,-2484.6730167166866,0
7,-3680.7064539297344,0
11,-4991.552864590338,0
8,-4532.637201453476,0
0,-1976.3602910400723,0
10,-1819.3405398660252,0
2,-3004.929283693711,0
6,-2249.799991110321,0
9,-2600.538405792154,0
1,-2595.53462700847,0
2,-3292.294033041399,0
5,-3227.2588988180046,0
5,-2848.5083815920216,0
4,-2296.1707253599416,0
0,-1533.2318807016763,0
3,-3079.4155289600008,0
4,-3262.4530647964884,0
7,-2797.570374449944,0
6,-3960.4040197939403,0
4,-3832.75357934736,0
5,-2824.322927712056,0
3,-2724.334781189713,0
11,0.0,0
6,-3196.122650963195,0
9,-3180.1886736481533,0
10,-3566.566976799959,0
1,-2223.3308345813048,0
3,-3616.9047540680413,0
4,-1926.7589366602144,0
8,-3549.253442627055,0
4,-3328.2427796060792,0
6,-2543.226297441893,0
0,-2297.5639272934277,0
2,-4137.43882129996,0
8,-3928.612986793176,0
1,-2925.816125459698,0
5,-4169.604297772152,0
0,-3520.7385588822126,0
1,76.651516716431,0
2,-2390.7321054438535,0
6,-1549.83870128475,0
2,-2555.777768116782,0
9,-3176.7908335299635,0
3,-2642.1960563137627,0
10,53.54275558570005,0
9,-4058.9161114760673,0
8,-3442.0342822232324,0
1,-3367.254074167852,0
1,-2393.741840717165,0
9,-4333.543584642942,0
3,-3317.167466378506,0
3,-3423.390132602476,0
2,-3004.7961661317395,0
6,-2418.7600128991717,0
9,-2361.524931056202,0
1,-4276.213278123531,0
11,-3182.263345482269,0
1,-1918.9580506097573,0
4,-4837.065225940209,0
2,-4798.333043880968,0
9,-2561.718173414086,0
1,-3450.5072090925996,0
2,-1907.4590428106183,0
9,-2523.568901377571,0
4,-1770.6495983113089,0
4,-3208.364069116845,0
2,-3440.581346226245,0
8,-3352.730230722418,0
7,-3481.8960352084036,0
10,-3381.8929610500686,0
8,-2698.2216365599024,0
4,-2656.6143867712526,0
2,-3545.588808646598,0
10,-2594.3014474035203,0
3,-4215.6375555780405,0
6,-4073.966126516027,0
4,-2784.67233260935,0
6,-4528.090105110542,0
3,-4276.68095606862,0
6,-4178.468619003857,0
11,-2499.1198450654583,0
0,-3579.7206594928602,0
6,-2023.9565212721345,0
3,-4629.384408320398,0
8,-2322.154172315008,0
10,0.0,0
3,-3518.5224171518357,0
3,-3654.9144996839527,0
3,-3637.6365953734303,0
0,-3162.657110721932,0
11,-1986.0513588525348,0
5,-2039.8039121444983,0
2,-2641.968962724581,0
1,-1317.269904006009,0
10,-2937.8223227417957,0
11,-3653.7104428238426,0
7,-4500.711054933431,0
2,-2952.2195040342103,0
6,-2993.3927239839413,0
3,-3776.8770167957546,0
9,-3453.9832078341087,0
1,-2562.6548733686323,0
5,-2636.512848442048,0
5,-2229.080527930743,0
11,-2453.81335883559,0
9,-3248.445782216474,0
11,0.0,0
11,-3752.918864031036,0
5,-3344.0693772707527,0
7,-4069.1030952778774,0
3,-2400.4999479275143,0
6,-3668.514685809503,0
0,-2686.7080228413356,0
6,-2847.9466287133964,0
8,-4188.842322169695,0
3,-2120.377324911771,0
10,-1023.9140588936164,0
7,-2715.0690598951624,0
7,-3054.897706961724,0
0,-3749.239922971055,0
6,-1620.0,0
0,-4351.045851286792,0
7,-2728.4427793157033,0
7,-2946.862738574703,0
2,-3022.780177254046,0
4,-3481.8960352084036,0
4,-3187.3499964704224,0
1,-3143.6920968822633,0
2,0.0,0
5,-3454.272716506327,0
7,-3614.3602476786955,0
10,-3151.4441134184817,0
2,-3312.823569102345,0
6,-2646.5071320516026,0
3,-2242.676971835222,0
7,-4683.16132542965,0
8,-4116.017492674199,0
3,-3744.1153828374468,0
1,-1992.987706936498,0
8,-2479.5967414077636,0
0,-3209.049703572695,0
2,-2327.3160507331186,0
4,-2056.9880894161734,0
9,-5391.326367416464,0
8,-2270.330372434814,0
0,-3318.7949620306467,0
5,0.0,0
9,-3604.441704342019,0
1,-3219.7515432095065,0
10,-2473.135661462994,0
10,-1591.7286200857232,0
9,-1544.0207252495024,0
7,-4086.954856613907,0
2,-2952.4904741590617,0
8,-3632.7950671624735,0
8,0.0,0
7,-3320.963715550051,0
10,-2451.2853771032046,0
7,-1689.852064531094,0
0,-3083.7639338963672,0
6,-3823.192383336209,0
9,-3132.6665957295872,0
4,76.02703196437228,0
5,98.9705967113077,0
6,51.572361605085746,0
2,-2956.822618961104,0
10,-5512.240923617182,0
9,0.0,0
4,-3274.5075965708193,0
11,-2766.7309229485977,0
6,-3050.9015061125783,0
10,-3848.532187730798,0
8,-4022.4867930174737,0
8,0.0,0
6,-3575.1363610357575,0
5,-4556.88490089447,0
10,-2357.7107541002565,0
8,-4359.908255915484,0
8,-4438.24289556126,0
5,-4170.995085108588,0
6,-3392.108488831099,0
9,-5534.401503324456,0
0,-4335.80442363352,0
11,-3263.5563423970484,0
0,-3294.480232145884,0
11,-3443.544685349676,0
5,-3394.4071647343662,0
5,-2425.3659517689284,0
8,-1805.7685344473139,0
1,-2602.229813064173,0
0,-2957.093167284386,0
9,-2603.5360569809664,0
6,-2336.236289419373,0
6,-2175.591873490982,0
0,-3033.2161149512576,0
9,-4409.852605246575,0
3,-3683.313725438006,0
8,-3769.827582264207,0
6,-4156.248308270332,0
3,-2270.1541797860336,0
10,-3344.4282022492275,0
5,-3248.445782216474,0
0,-2976.3064358362026,0
9,-2933.0530169091726,0
8,0.0,0
7,-2211.6961816669123,0
9,-3638.1863613619357,0
7,-4846.648326421054,0
7,-4926.865129065337,0
7,-3026.4170234784233,0
3,-2035.8781888904846,0
7,-4401.317984422393,0
1,-2787.184959775723,0
6,-3571.890255872932,0
5,-3939.289275998908,0
9,-5112.533618471374,0
9,-1612.2034611053282,0
10,-3216.955082061296,0
1,-3465.775526487542,0
5,-2431.5427201675893,0
9,-2682.461556108493,0
11,-4191.658383026937,0
4,-2043.9178065665947,0
4,-2616.715498482783,0
4,-1952.4343778985249,0
5,-2217.3858482456317,0
5,-3558.595228457432,0
6,-3825.232019106815,0
10,-3393.9946965191325,0
1,-2161.2959075517633,0
11,-3230.232189796888,0
0,-1846.2935844550834,0
4,-2529.9011838409815,0
0,-2509.1034255287286,0
10,-2703.25729445053,0
8,-2221.5310036098977,0
10,-3016.8858115613193,0
5,-3040.2631465055783,0
3,-1601.998751560063,0
10,-2845.0659043333253,0
1,-2662.404927880055,0
11,-3584.91283018151,0
6,0.0,0
10,-2745.906043549196,0
10,-3592.5478424093394,0
3,-3686.4074652702184,0
7,-2782.804340948174,0
9,-3475.686982453972,0
2,-3379.34904974316,0
8,-3462.8889673219383,0
4,-2178.1643647805827,0
9,-3471.9447000204364,0
5,-2274.906591488978,0
11,-1683.9239887833419,0
4,-2742.699400225989,0
2,-2305.2114870440846,0
9,-2828.5685425670704,0
5,-1989.6733400234323,0
1,-3449.811589058162,0
6,-3477.0102099361166,0
10,-3875.5644750152205,0
10,-2096.5686251587376,0
4,-2653.149072328956,0
4,-3053.2605522621225,0
6,-2147.4636201807934,0
5,-3097.4182797936737,0
0,-3476.8951666681005,0
0,-2947.6770515102226,0
8,-3580.5027579936313,0
2,-2875.1347794494786,0
6,-3087.2641610331953,0
7,-2223.9604313026794,0
7,-3473.384516577455,0
6,-3920.306110496985,0
10,-2392.153841206706,0
10,-3327.281172368816,0
8,-3286.0919037665394,0
10,-2578.294009611782,0
3,-2208.800579500105,0
3,-3236.8503209138357,0
11,-3313.849725017717,0
3,-5567.261445270915,0
7,-2122.922513894466,0
8,-1163.958762156117,0
3,-4645.212589322474,0
8,-3223.414338864925,0
1,-5666.392150213396,0
5,-3036.379422931199,0
7,-2760.941868276114,0
2,-3447.5498546068916,0
11,-2980.872355536211,0
5,-3504.168945698823,0
2,-4099.463379516885,0
11,-3780.476160485607,0
6,-2200.1818106692913,0
5,-2771.930735065362,0
8,-2751.9447668875914,0
2,-2865.588944702293,0
8,-3133.1134674633154,0
8,-3317.5292010772114,0
0,-3340.5388786840963,0
1,-2772.0750350594767,0
10,-3228.9936512789864,0
6,-3325.7179675973725,0
5,-3283.10828331933,0
8,-4213.549572510095,0
9,-4121.067822785741,0
4,-3573.5136770411277,0
7,-3989.7368334264856,0
5,-3429.6355491509594,0
5,-2880.3472012936218,0
11,-2706.1411640932556,0
5,-3848.999870096127,0
0,-3680.271729098274,0
9,-1963.4663226039809,0
2,-2756.0841786854044,0
2,-1870.40102651811,0
0,-3029.5874306578444,0
6,-3549.02803595576,0
0,-2798.2851891828323,0
9,-3531.00552251055,0
5,-2521.348845360356,0
1,-1980.30300711785,0
6,-2409.6472770926453,0
9,-2605.993092853471,0
11,-4218.625368529421,0
6,-3389.277209081606,0
3,0.0,0
9,-4316.758042790909,0
10,-3060.0653587791226,0
7,-2604.6880811337087,0
7,-5319.736835596287,0
0,-3059.4770795023123,0
1,-3428.7023784516496,0
10,-3577.037880705207,0
2,-4170.611465960357,0
10,-2850.8244421570403,0
5,-3375.7369565770377,0
7,-3573.7375393276993,0
8,-3107.2817702937728,0
11,-3388.0377801907703,0
7,-3819.842928707933,0
11,0.0,0
9,-4261.314351230147,0
9,-4027.604747241219,0
6,-1718.371321920847,0
7,-3389.277209081606,0
2,-3485.3407293979167,0
9,-4190.560821656214,0
0,-3218.4468303826307,0
11,-3044.4703972940847,0
4,-4126.887446975021,0
10,-2845.0659043333253,0
10,-3441.5694094409896,0
9,-2380.4201309852847,0
2,-2465.5222570481897,0
11,-4020.2487485229067,0
5,-2613.6564426106197,0
7,-2826.30500831032,0
1,-3371.112575990306,0
8,-2443.030904429987,0
3,-3268.3329083800504,0
10,-2607.067317888052,0
6,-2180.73382144635,0
1,-2783.594798098315,0
0,-3562.5271928786733,0
11,-3521.4201680572,0
11,-3097.224564025024,0
8,-2233.6517185989405,0
2,-3014.962686336267,0
3,-2663.7567456507736,0
8,-1563.3297796690244,0
9,-2693.399339125188,0
0,-2816.5226787654315,0
8,-2498.1593223811806,0
0,-2546.605583909687,0
1,-2508.545395244025,0
5,-2551.9404381764084,0
5,-2361.8636709175235,0
8,-2557.9679435051567,0
6,-1566.9077828640716,0
1,-2057.8629691988726,0
7,-2080.9613163151303,0
1,-2873.951982897418,0
3,-3200.562450570212,0
3,-3536.947836765479,0
0,-3568.3609682878214,0
8,-1831.7205026968497,0
1,-3311.193138432127,0
8,-3032.9523570277197,0
8,0.0,0
10,-2321.63735324878,0
8,-3438.8951714177038,0
5,-3670.7492423209733,0
2,-2690.2787959614893,0
5,-2345.548976252681,0
1,-2008.3824337013107,0
10,-2012.4611797498108,0
1,-3155.8833945505653,0
6,-4012.9291047811944,0
2,-2434.2555330120954,0
11,-3175.0905498898765,0
7,-2217.5662335091597,0
6,-3743.955127936231,0
5,-2639.469643697385,0
6,-2260.1769842204835,0
0,-3216.022387981775,0
11,-3357.439500571827,0
5,-3490.042979678044,0
1,-3304.3002284901413,0
3,-3162.151166532049,0
1,-3455.488388057468,0
3,-3335.0262367783557,0
7,-2848.8594208911045,0
7,-2793.850389695196,0
8,-3155.3129797216634,0
2,-3362.0232003958567,0
9,-2384.114091229696,0
2,-3467.333269243094,0
6,-3456.587912956938,0
6,-3073.8249787520435,0
2,-3388.5690195125144,0
6,-3412.0961299471032,0
1,-3537.79592401823,0
10,-3144.1374015777365,0
9,-3281.5240361758742,0
9,0.0,0
10,0.0,0
1,-2769.0431560378397,0
4,-3004.3967780571193,0
9,-3388.332923430046,0
3,-3346.699867033194,0
9,-2484.753508901839,0
3,-2641.060393099711,0
7,-2509.9003964301055,0
2,-2481.0481655945337,0
0,-2536.9272752682527,0
0,-2610.59380218371,0
6,-2397.41527483246,0
1,-1742.2973339817747,0
0,-1604.6183346827368,0
9,-2376.299644405141,0
7,-1538.1807436059,0
5,-1675.8281534811376,0
0,-2023.5612172603032,0
5,-4001.799595182147,0
3,-4328.325311249144,0
8,-3062.0907889871587,0
0,-5026.251088037684,0
4,-3667.969465521762,0
10,-3444.8802591672184,0
6,-2352.7005759339627,0
8,-3418.713208211534,0
7,-2501.0397837699425,0
11,-2448.673110074107,0
7,-2421.4045510818714,0
9,-2755.4310007692084,0
1,-2778.8486824582587,0
7,-2622.8229067171114,0
11,-3570.154058300566,0
4,-3617.125930901494,0
6,-4163.219907715662,0
10,-2194.3563976710802,0
11,0.0,0
7,0.0,0
5,-2547.9403446705733,0
7,-4131.972894393186,0
8,-2686.3357943488745,0
0,-2529.3477420078084,0
0,-5050.267319657445,0
1,-2563.981279182826,0
1,-2147.5567512873786,0
1,-4840.743744508689,0
2,-2740.364939200617,0
8,-3568.8653659111324,0
9,61.20810847830755,0
9,-1552.4174696260025,0
3,-4283.409856644586,0
1,-4034.5507804463186,0
1,-2988.1097704067033,0
5,-4118.39774669713,0
3,-3113.3261955664075,0
9,-3220.6210581190703,0
0,-3064.375956047169,0
9,-1626.161123628283,0
4,-3557.246125867593,0
4,-2637.4229846575618,0
8,-2548.2543044209697,0
4,-3715.158139299053,0
11,-3507.0785562915466,0
0,-6295.585755114452,0
0,-3428.1773583057225,0
11,-3473.614831843047,0
11,-3436.335257218073,0
10,-3560.898762952971,0
0,-3164.6168804454037,0
10,-2800.714194629649,0
6,-4863.126566315132,0
5,0.0,0
6,-4246.975394324765,0
8,-1245.9534501738017,0
2,50.76291015955778,0
3,-1848.7833837418593,0
6,56.74765418500186,0
6,-2166.6564102321345,0
2,-2497.118339206214,0
1,-2275.8734586966825,0
4,-2971.66619928955,0
11,-3433.074423894711,0
10,-3762.8180928660367,0
5,-3411.6858003045945,0
1,-3131.5172041679734,0
10,0.0,0
8,-2531.244753080982,0
2,-3767.227096950753,0
2,-2297.5639272934277,0
10,-3184.713487898087,0
9,-3963.584236521283,0
10,-4407.675124144247,0
8,-4184.208407811447,0
8,-4363.209827638364,0
7,-4009.1894442642642,0
4,-4321.34238402837,0
5,-4123.833168303489,0
3,-4293.6231786219905,0
4,-3510.0427347825835,0
2,-1867.6188047886003,0
9,-2843.6596139481953,0
6,-2366.262876351653,0
7,-1937.9370474811612,0
5,-4045.194680111206,0
2,-2504.6357020532946,0
11,-2249.799991110321,0
3,-3354.5193396372006,0
5,-3463.3509784600233,0
4,-3353.8634438509866,0
3,-2087.8697277368624,0
3,-4299.0696668000155,0
1,-3327.281172368816,0
9,-3064.7022693893123,0
3,-2649.9811320083018,0
1,-4913.4916301953745,0
11,-2493.110506977178,0
11,-2446.630335788388,0
6,-3361.4877658560654,0
10,-3210.2959365142647,0
2,-4335.204724116267,0
2,-3389.041162334857,0
3,-4327.123756030095,0
10,-4670.717289667617,0
3,-2864.681483167021,0
2,0.0,0
11,-3374.314745248285,0
4,-3370.578585347032,0
9,-2762.1006498677775,0
10,-1994.1915655222294,0
2,0.0,0
8,-3665.624094202786,0
4,-3297.5748664738458,0
5,-2590.289559103383,0
9,85.90631856415173,0
1,-2468.4408034222733,0
7,-4039.2573574854077,0
5,-3374.9074061372407,0
11,-3465.8332331489923,0
3,-2486.2823652996453,0
1,-1439.1664254004818,0
10,-4289.941724545917,0
4,-4159.75960843893,0
7,-3882.730997635556,0
4,-3105.1570008616313,0
4,-3314.815228636432,0
5,-3444.29963853321,0
3,-4140.434759780668,0
4,-3362.9748735308744,0
11,-2610.823624835657,0
4,-3522.4423345173445,0
6,-2838.0274840106817,0
7,-3544.065462149366,0
10,-3954.28881089887,0
6,-3685.8106299700203,0
0,-3193.1175988365976,0
11,-4321.57378740662,0
4,-2664.8076853686835,0
9,-2495.5961211702506,0
11,-2797.2843974111747,0
2,-4473.969155012135,0
3,-4282.5226210727715,0
9,-3888.5472865840275,0
5,-1996.3967541548448,0
3,-2482.982078066614,0
9,-3549.591525795609,0
11,-4208.087451562764,0
7,-2526.3412279421004,0
8,-3191.6140117501673,0
8,-3146.80790643471,0
0,-3250.7845206965044,0
8,-3593.60543187479,0
1,-2711.4571728131723,0
2,-3027.474194770288,0
6,-3227.1349522447927,0
7,-1875.419952970534,0
8,-2326.972281742952,0
9,-3939.035414920764,0
4,-4409.89795800311,0
9,-3837.75976319519,0
7,-3784.2304369580875,0
9,-4231.170050943356,0
10,0.0,0
11,-3442.6733798023884,0
4,-2889.221348391293,0
5,-2785.175039382624,0
0,-3655.2428099922445,0
0,-2495.9166652755057,0
0,-2490.140558281801,0
10,-2904.4104393146645,0
6,-1724.5289211839852,0
10,-3523.691246406245,0
10,-1794.8816116947658,0
0,-2971.464285499659,0
8,-2625.87128397414,0
6,-3641.208590564402,0
5,-2556.0907652115957,0
1,0.0,0
8,-3115.1885978219684,0
1,-3127.2352006205097,0
1,0.0,0
1,-3103.159680068043,0
6,-2980.067113338221,0
3,-3576.366871561138,0
11,-3844.6846424641903,0
11,-3513.3459835319377,0
2,-3038.288992179645,0
8,-2403.7470748812157,0
9,-3527.775503061384,0
8,-3212.7869521647403,0
1,-2235.5312567709716,0
2,-2950.5931607051484,0
11,-2643.7851652507625,0
8,-4508.170360578668,0
5,-2018.018830437417,0
0,-4279.48595043844,0
9,-4281.541778378438,0
10,-4318.147751061791,0
1,-4268.817166382276,0
3,-2357.032032026718,0
4,-4794.747125761691,0
6,-4525.660172836666,0
10,-1776.8511473953017,0
10,-2016.8291945526769,0
1,-2086.2406380856455,0
6,-2258.760722166029,0
4,-3675.4863623743727,0
5,-3210.2959365142647,0
4,-3381.4789663695974,0
0,-2961.688707477543,0
3,-3358.8093128369164,0
4,-3505.53847504203,0
11,-3971.9516613372825,0
3,-3405.466194223634,0
3,-2325.25267444207,0
2,-2156.7568244936656,0
1,-3518.238195460904,0
0,-2044.8960853794015,0
4,-2861.9573721493475,0
0,0.0,0
4,-3684.2366916364103,0
3,-2247.3095024940376,0
1,-3367.9073621464113,0
10,-3378.697974072261,0
11,-2053.095224289414,0
1,-2787.6154684604544,0
11,-3764.5185615162,0
7,0.0,0
4,-3603.8312946085584,0
8,-2829.911659398576,0
2,-2457.315608545227,0
6,-2345.1225980745658,0
8,-3304.3607551234477,0
0,-3930.6488014067095,0
7,-3575.1363610357575,0
4,-4270.316147546924,0
11,-3616.2411424018724,0
7,-3068.159057154632,0
7,-3080.129867391958,0
11,-3401.823040665108,0
2,-3110.04823113726,0
11,-3382.3660357802787,0
4,-3253.060097815594,0
2,0.0,0
2,-2956.349099818897,0
8,-3139.4904045083495,0
1,-2985.3642993778835,0
7,-3360.238086802779,0
0,-2735.690040922034,0
2,-2690.20445319682,0
10,-2889.567441677041,0
4,-3298.848283871206,0
8,-3236.6031576330147,0
3,-2822.268591045154,0
6,-5497.126522102252,0
6,-2025.7344347174435,0
4,-2814.6047679914136,0
5,-3166.9543728951953,0
7,-3622.7061708065694,0
4,-3379.1123094682725,0
5,-3376.5070709240345,0
4,-4205.567738130014,0
5,0.0,0
6,-2362.7103080995776,0
0,-3532.760959929217,0
6,-5017.927859186499,0
1,-4076.125611410914,0
7,-2453.5688292770596,0
8,-3709.2856455118144,0
4,-3829.6736153359075,0
9,-3575.471996813847,0
11,-3409.2227853280574,0
7,-2896.6877636362533,0
10,-4150.421665325103,0
7,-3936.597515621834,0
11,-1839.2389730538007,0
1,-3025.9543948975834,0
7,-2808.843178249722,0
2,-3363.9262774323697,0
4,-3011.7768841665547,0
2,-4141.642186379697,0
2,-4308.1782692920215,0
3,-4330.4041381838715,0
9,-4080.3921380181096,0
0,-4182.104733265297,0
2,-3990.689163540553,0
7,0.0,0
7,-3689.3901935143695,0
11,-1780.2247049178934,0
6,-4781.213235152768,0
8,-1842.8239199663108,0
2,-1234.8279232346504,0
1,-2445.240274492468,0
2,-3934.9714103154547,0
4,-4762.184372743248,0
4,-2427.5913988972693,0
8,-4160.673022480858,0
6,-3609.5983156024436,0
4,-2862.865697164294,0
8,-2266.5392121028926,0
6,-1864.8324321504062,0
9,-2901.6547003391015,0
5,-2551.3133872576295,0
6,-3539.4914889006304,0
3,-1568.3111936092273,0
10,-2515.472122683931,0
10,-3713.4889255254284,0
10,-3090.436862322219,0
8,-2454.139360346107,0
11,-2766.4417579265964,0
2,-3453.288287994502,0
5,-2234.2784070030307,0
0,-4232.965863316169,0
10,-4055.8599581346493,0
3,-3463.524216748022,0
2,-4766.13050597652,0
10,-4321.388665695323,0
8,-2269.6255197719292,0
6,-2621.8314209727523,0
7,-2166.0101569475614,0
10,-2231.9498202244604,0
3,-1815.7092278225607,0
11,-3418.1866537683395,0
10,-2720.073528417936,0
7,-2860.9089464713834,0
6,-2821.7016142746206,0
9,-3029.7854709533476,0
8,-3184.0854259896987,0
11,-3345.0859480736813,0
10,0.0,0
1,0.0,0
10,-3374.4332857533277,0
9,-3268.7612332502968,0
9,-3195.5594189437315,0
4,-3282.9864452964166,0
9,-3977.436360270268,0
2,-3979.2461597644347,0
5,-3153.2840024330194,0
6,0.0,0
5,-3413.678367977862,0
8,-3624.0309049454863,0
10,-3485.1685755498256,0
1,-3520.113634529431,0
0,-2771.6421125390625,0
4,-2773.08492477241,0
6,-2621.5262729944175,0
0,-4201.523533196024,0
6,0.0,0
10,-4317.3139797795575,0
0,0.0,0
3,-3477.0677301427418,0
8,-2552.6456863419176,0
0,-4713.427627533916,0
7,-4104.875150354758,0
3,-4495.41989140058,0
5,-3169.4163500556374,0
7,-3538.022046285184,0
5,-2877.220881336711,0
5,-4600.695599580568,0
7,-4540.528603587913,0
5,-2156.0148422494685,0
10,-3858.96359143229,0
9,-3239.3826572357884,0
5,-3407.16891274853,0
4,-3880.360807966187,0
7,-3119.551249779365,0
8,-3996.448423287857,0
9,-4033.8567153531867,0
5,-3287.3089298086966,0
10,-2855.801113523139,0
1,0.0,0
8,-2155.8293067866016,0
5,-3762.3928556172864,0
9,-3456.0092592468554,0
11,-3425.4342790367473,0
1,-3758.350702103251,0
4,-2842.111890830479,0
3,-5440.220583763125,0
5,-4450.348300976003,0
5,-5894.098743658779,0
11,-1920.2083220317531,0
3,-2059.2231544929755,0
9,-2343.074902771996,0
9,-1572.3867208800766,0
0,-4386.205649533546,0
10,-4392.448064576291,0
7,-2828.851356999869,0
8,-3440.058139043583,0
6,-3712.5193602188797,0
5,-2891.9889349719165,0
4,-3157.0872651860604,0
5,-2835.9125515431538,0
1,-2581.5499220429574,0
0,-3740.0,0
2,-4257.6989090352545,0
10,-1393.4130758680285,0
1,-1805.103875127412,0
7,-4144.442061363628,0
1,-3329.68466975478,0
5,0.0,0
2,-3207.2418056641754,0
1,-2833.0901856453493,0
8,-4101.999512432931,0
1,-2634.539808012018,0
10,-3648.6161760316745,0
7,-4150.614412349092,0
6,-2842.6747967363412,0
8,-3083.9584951811526,0
1,-3065.811474960585,0
1,-1850.837648201484,0
4,-3594.940889639216,0
5,-4214.736053420191,0
6,-2405.410567865702,0
11,-1989.3717601293129,0
2,-3150.9363687640534,0
1,-2374.615758391239,0
9,-2717.7932224508913,0
11,-2721.249712907656,0
5,-2992.524018282894,0
10,-4003.0488380733004,0
1,-3121.153632873589,0
10,-2604.3809245192997,0
7,-2579.457307264456,0
6,-3111.269837220809,0
9,-3064.5064855535875,0
11,-2441.3930449642885,0
7,-2257.166365157872,0
6,-4117.523527558768,0
3,-2514.4383070578606,0
1,-2483.4653208772615,0
0,-2575.189313429209,0
5,-2483.4653208772615,0
3,-3011.2455894529758,0
9,-2235.2628480784983,0
1,-1768.5021911210629,0
0,-2650.886644124943,0
9,-2495.195383131349,0
9,-2637.8779350076074,0
3,-3875.7192880806006,0
3,-4231.831754689688,0
7,-2626.7089675104853,0
7,-3027.474194770288,0
2,-2885.9660427662693,0
4,-3099.6774025695,0
5,-3259.018257082952,0
4,-1987.2594194015032,0
7,-2178.1643647805827,0
11,-2646.5071320516026,0
0,-3491.5326147696233,0
2,-4040.0990086877823,0
0,-2502.2389973781483,0
2,-2979.463038871266,0
3,-2493.5917869611294,0
3,-2118.8676221038445,0
9,-3319.5782864695325,0
1,-3381.0057675194817,0
10,-3516.475508232639,0
8,-3817.1193326905563,0
11,-4923.169710664055,0
7,-3750.9465472064517,0
11,-3589.596077555245,0
11,-4231.453650933683,0
0,-2973.2810159821756,0
8,-2731.5929418564547,0
8,-3237.0974653229086,0
11,-3330.4053807307,0
6,-3506.9644993926017,0
0,-3357.9755806140106,0
2,-2512.050954897213,0
11,-4400.499971594137,0
9,0.0,0
6,-2271.035006335217,0
2,-2237.409216035368,0
5,-3400.2352859765456,0
11,-3290.3495255063713,0
5,-2495.9166652755057,0
8,-3498.68546742916,0
2,-3724.7818728081247,0
10,-3582.1781083580977,0
1,-3672.4378823882103,0
6,-1941.0306540598478,0
11,-2900.2068891718745,0
10,-3231.6559222788555,0
11,-3387.6835743616907,0
1,-3319.3975356983083,0
9,-2678.805704040515,0
6,-3020.132447426768,0
10,-3641.428291206625,0
4,-3318.1320046074115,0
1,-3760.9041466115564,0
5,-4020.0995012561566,0
2,-4202.332685545018,0
8,-2514.9155055389037,0
7,-3072.7837541877234,0
5,-1208.8010589009261,0
7,-1319.5453762565348,0
3,-2031.9448811422026,0
10,-2586.8900247208035,0
9,-2092.558242917028,0
10,-3129.9840255183417,0
11,0.0,0
2,0.0,0
4,-1872.431574183687,0
7,-2300.0,0
3,-5023.863055458419,0
1,-3897.3837378426056,0
9,-3059.5424494522053,0
2,-2332.6379916309347,0
9,-4576.5926189688325,0
10,-1545.1860729374957,0
8,-3616.075220456566,0
0,-3659.836061902227,0
3,-5315.072906367324,0
11,-4504.486652216876,0
5,-3461.0403060351664,0
1,-3833.4318827911893,0
5,-3677.0640462194838,0
5,-2835.207223467096,0
9,-2377.3094035064096,0
8,-1689.7337068307538,0
11,-4279.158795838266,0
10,-3112.8122333349947,0
1,-3621.049571602134,0
4,-2424.376208429707,0
1,-2351.254984045754,0
7,-2992.9918142220167,0
4,-2495.035069893808,0
7,-4013.875932312806,0
6,-3299.5757303023065,0
10,0.0,0
6,-2022.0781389451793,0
0,-2663.681662661663,0
11,-2097.2362766269325,0
8,-3889.0101568393984,0
2,-4064.0374014026984,0
10,-3967.7197481677053,0
9,-2480.8063205337094,0
4,-2341.7941839538335,0
9,-2967.0187057044313,0
5,-3404.6438873985044,0
5,-2728.076245268816,0
4,-3285.057077129711,0
4,0.0,0
4,-3872.1053704670794,0
2,-3530.0991487492247,0
2,0.0,0
5,-3408.694764862351,0
9,-3182.2004965118085,0
4,-2387.3835050112916,0
8,-4364.126487626132,0
7,0.0,0
4,-4095.4120671795654,0
1,-4493.817975841923,0
3,-2630.5892875931813,0
6,-4502.354939362289,0
8,-2922.806870116464,0
6,-2812.6855494349165,0
3,-3301.5753815413636,0
5,-1408.6873322352267,0
7,-3991.641266446673,0
10,-3698.9728303949464,0
5,-2346.8276459936296,0
6,-2318.0163933846543,0
6,-2015.44039852336,0
6,-3649.1642878883927,0
6,-3597.777091483017,0
0,-3981.256083197864,0
5,-2276.66422645062,0
2,-3473.039015041438,0
0,-2193.9917957914063,0
3,-2316.1174408911133,0
1,0.0,0
1,0.0,0
7,-3059.4770795023123,0
1,-3506.165997211199,0
1,-3617.402382926179,0
1,-2486.2823652996453,0
1,-2327.745690577044,0
3,-4101.024262303261,0
9,-3387.6835743616907,0
5,-3704.5917453884176,0
10,-3185.7809089766356,0
2,-2636.9679558159214,0
3,-2039.8039121444983,0
5,-3761.1168554034584,0
7,-4353.251658243525,0
11,-2182.292372712694,0
11,-2380.3361107205005,0
3,-1769.6327302578916,0
4,-4220.568682061696,0
8,0.0,0
8,-3875.7708910615447,0
0,-3219.5030672450057,0
3,-4922.235264592703,0
3,-3937.8166539340045,0
5,-4895.75326175656,0
9,-1967.1298889498883,0
5,-2308.7659041141437,0
4,-4624.153976675085,0
5,-2182.292372712694,0
7,-4188.173826383046,0
7,-2734.2274960214995,0
11,-4170.035971067875,0
10,0.0,0
3,-1262.37870704476,0
11,-3577.7087639996635,0
7,93.64398878557851,0
11,-5043.411543786607,0
10,-3991.3406269072048,0
5,-1934.3215865000318,0
6,-4868.757541714313,0
6,-3217.328083985219,0
2,-4454.70537746325,0
1,-2514.756449439985,0
0,-3121.9224846238576,0
0,-1975.2468200202222,0
6,-2909.364191709247,0
2,-3851.7009229689684,0
7,-3310.7703031167835,0
7,-2773.157045679166,0
10,-1612.5755796240994,0
3,-3282.133452497019,0
11,-2376.636278440603,0
11,-2544.798616786798,0
1,-2761.593742750733,0
3,-3505.937820327109,0
6,-3291.2611564565946,0
3,-3235.119781399137,0
9,-2599.2306554055567,0
3,-3538.869876104517,0
7,-2423.716154998353,0
1,-3157.847368065784,0
8,-2855.871145552614,0
10,-3059.1502087998233,0
7,-1630.8280105516951,0
7,-2743.79299510732,0
1,-2612.7380274340558,0
6,-3581.898937714463,0
1,-2213.232929449587,0
0,-4600.869483043396,0
0,-3328.5432248958405,0
9,-2831.677947789967,0
4,0.0,0
5,-4212.457714921303,0
11,0.0,0
0,0.0,0
9,0.0,0
1,-2830.194339616981,0
11,-3140.2547667346994,0
6,-2537.636695825468,0
1,-2731.7393726342198,0
11,-2468.764873372918,0
4,-2454.139360346107,0
10,-2726.829660979945,0
3,-2497.1984302413775,0
7,-3977.83860909414,0
0,-2958.1075031174914,0
3,-3290.531871901562,0
2,0.0,0
9,0.0,0
3,-3593.0488446443364,0
2,-3942.080668885405,0
2,-4312.864477351451,0
10,-3409.4574348420892,0
9,-3382.60254833464,0
1,0.0,0
6,-2956.619691472002,0
2,-2767.0923367318264,0
2,-3780.4232567266854,0
5,-2409.6472770926453,0
7,-2216.3934668736056,0
7,-3098.1930217467084,0
0,-3400.2352859765456,0
8,-3636.5918110230627,0
7,-3618.4527079955046,0
11,0.0,0
5,-3988.182543465131,0
6,-2975.8360169874954,0
0,-3145.409353327481,0
8,-3384.7895060106766,0
7,-4117.960660326906,0
8,-3372.476834612804,0
5,-3713.004174519603,0
5,-5834.346578666715,0
3,-3422.9811568280657,0
9,-3479.8275819356336,0
7,-2427.5913988972693,0
3,-1906.8298298484845,0
2,-2784.8877894809334,0
1,-4674.269996480733,0
1,-1505.8552387264854,0
9,-2851.3856280762866,0
10,-2496.47751842471,0
8,-2783.163667483463,0
11,-5081.456484119489,0
7,-3550.1549261968835,0
9,-3386.207317929604,0
6,-3175.0275589355124,0
5,-2430.226326908669,0
11,-2883.123306416151,0
4,-2579.302231224561,0
4,-3438.953329139551,0
9,-2228.811342397557,0
5,-1746.081326857372,0
2,79.71486643677768,0
10,-2509.342543376651,0
8,-2834.783942384322,0
8,-3939.035414920764,0
1,0.0,0
1,-3175.279515255311,0
5,-3054.5048698602527,0
7,-4884.669896727925,0
6,-3644.2283133744513,0
2,-2115.6559266572626,0
0,-2932.984827782101,0
9,-1946.689497583012,0
0,-4329.110763193753,0
5,-2579.457307264456,0
4,-3737.0576661325417,0
1,-3127.746792820672,0
3,-2898.8963417135146,0
7,-2439.754085968502,0
5,-4798.249680873224,0
2,-2862.2368874710564,0
7,-2738.6127875258308,0
2,-3642.1422267670987,0
11,-2915.6131430627074,0
3,-2518.5710234178428,0
6,-3291.321922875367,0
10,-2400.4166305039635,0
6,-2758.6953438174355,0
11,-3778.835799555202,0
9,-3692.478842187183,0
7,-2029.8768435548004,0
0,-2680.7461647832306,0
9,-3206.6181562512243,0
3,-2009.1789367798974,0
9,-2860.9089464713834,0
3,-2675.9671148950993,0
10,-3005.7278652599275,0
10,-3750.4666376332425,0
4,-4270.3629822299645,0
7,-4734.596075696426,0
7,-2810.409222871289,0
4,-1700.588133558505,0
8,-3236.97389547707,0
6,-2428.1680337241905,0
5,-2588.97663179875,0
5,-2569.435735720977,0
6,-1381.882773609976,0
9,-3830.9267808194927,0
1,-3192.8044099192794,0
6,-2606.069837897672,0
0,-3928.0529527998983,0
0,-3025.3594827722536,0
0,-4559.561382413884,0
9,-3028.7951399855356,0
8,0.0,0
5,-4273.593335824082,0
7,-3714.8889620014215,0
1,-3786.607980765899,0
8,-4126.063499269007,0
8,-1762.4982269494628,0
7,-2803.212442894758,0
10,-3398.9410115505093,0
3,-3086.87544290339,0
7,-3161.5818825391825,0
1,-2838.732111348304,0
4,-3299.030160516875,0
8,-2539.685019840059,0
5,-3638.9558942092167,0
6,-2854.0497542965154,0
6,-3846.1409230552126,0
2,82.0,0
4,-2254.062998232303,0
6,-3200.6249389767618,0
5,-3017.4823943148367,0
8,-3833.849240645751,0
5,-3168.2171642739395,0
2,-3448.535921228022,0
0,-4668.789993135266,0
5,-2262.830086418333,0
11,-3068.9411854905265,0
5,-1497.9986648859203,0
10,-3364.580211556859,0
4,-3337.6039309660455,0
5,-4035.1951625664897,0
2,-2139.906540015241,0
5,-4883.605225650411,0
0,-1869.8663053812163,0
11,-3726.929030716845,0
10,-4077.5482829759358,0
10,-4793.829367009218,0
8,-5633.93290694875,0
6,-3729.557614516767,0
6,-3846.244921998598,0
7,-3281.097377402871,0
9,-3170.0473182588303,0
2,-3125.699921617557,0
1,-2827.154046032865,0
3,-2735.1051168099552,0
7,-2652.470546490573,0
5,-2053.7770083434084,0
6,-3652.560745559203,0
3,-2120.565962190283,0
8,-2959.526989233246,0
4,-3118.5894247239407,0
9,-3344.368400759701,0
9,-2275.1703232945,0
3,-2062.716655287391,0
3,-2914.103635768639,0
3,-3179.0564637955076,0
3,-2662.329806766998,0
10,-1932.9769786523584,0
7,-4029.7394456713946,0
6,-3393.700045672864,0
1,76.51530771650465,0
3,-4462.376048698719,0
8,-3224.5929975734925,0
10,-3003.0651008594537,0
3,-4575.6311040117735,0
4,-3718.8170162028678,0
8,-3496.626946072457,0
1,-2452.1011398390565,0
11,-2346.8276459936296,0
7,-3217.328083985219,0
1,-2092.7493877672023,0
2,-2459.7560854686385,0
7,-1955.7095898931416,0
5,-3300.727192604684,0
10,-3001.7328328817007,0
7,-3574.912586343896,0
6,-1445.683229480096,0
3,-3962.675863605299,0
3,-2575.4222954692304,0
10,-3796.155950431963,0
11,-3471.8294889006283,0
10,-1962.0397549489155,0
3,-3521.4201680572,0
11,-2754.5598559479513,0
6,-4275.9326468035015,0
7,-3192.5538366643095,0
5,-2083.6506425022408,0
6,-3612.0354372569495,0
9,-2454.46531855718,0
6,-2419.008061168875,0
11,-3979.396939235894,0
4,-1953.356086329372,0
7,0.0,0
5,-2205.810508633958,0
0,-3045.652639419013,0
1,-3495.2539249673982,0
11,-2650.0566031690723,0
10,-2516.3465580082566,0
4,-3184.211048281819,0
11,-3572.6180876214576,0
1,-3254.658200180166,0
2,-3572.786027738017,0
11,-4444.007200714239,0
8,-4223.032086072754,0
4,-2772.0028860013836,0
7,-3196.4980838411275,0
2,-2849.9824560863526,0
4,-3907.838277104108,0
10,-1737.2391890583174,0
8,-3760.9041466115564,0
2,-1986.0513588525348,0
7,-2373.3520598512137,0
10,-1744.706279005151,0
4,-4409.671189555974,0
1,-4431.974729169831,0
11,-2471.032172999777,0
0,-2396.914683504609,0
9,-2664.207199149496,0
1,-3373.188402683728,0
6,-3793.098996862592,0
9,-3702.269574193646,0
10,-3444.067362871987,0
1,-4594.736118647076,0
3,-3641.5381365571334,0
1,-2800.714194629649,0
2,-4053.9363586519216,0
10,-4615.582303458578,0
3,-4301.906554075762,0
9,-3867.040211841609,0
3,-2950.8642801728447,0
3,-3829.6213912082744,0
7,-2758.9128293586955,0
0,-2998.93314363625,0
6,-3805.3646343024734,0
3,-4302.696828734277,0
1,-2400.4999479275143,0
2,-1638.2917933017916,0
2,-2526.8953282635193,0
0,-4808.07653849229,0
11,-4538.457887873368,0
0,-1679.7618878876851,0
3,-2373.3520598512137,0
9,-2846.0498941515416,0
1,-4706.336154589895,0
2,-2428.7445316459284,0
1,-4515.440177878564,0
11,-5478.393925230276,0
1,-3893.995377501108,0
11,-3240.9875038327436,0
0,-2383.3589742210465,0
8,-3533.666650944879,0
7,-2445.649198065822,0
6,-2332.4665056544754,0
3,-1887.8559267062726,0
1,-2929.0954235053523,0
9,-4238.631854738036,0
2,-2278.508283943686,0
1,-4064.480286580315,0
0,-4142.1733425823695,0
4,-4805.371993925132,0
0,-3495.9405029262152,0
11,-2719.2646064699184,0
2,-1699.6470221784286,0
0,-4063.791333225661,0
4,-3679.293410425431,0
5,-3351.6563069622753,0
0,-1872.9655629509048,0
6,-2962.7014699425927,0
1,-3316.443878614562,0
9,-2836.688209867274,0
6,-2609.8275805117855,0
3,-3781.4283015812953,0
0,-2786.108397029807,0
0,-3328.9037234501093,0
5,-2725.949375905576,0
4,-4786.063100294437,0
2,-3095.4159655852395,0
5,-3667.096944450746,0
2,-3048.606238922961,0
3,-3685.4850427046913,0
3,-3176.7278762903193,0
6,-1852.2418848519758,0
10,-5086.295311914164,0
1,0.0,0
5,-3133.815565728143,0
0,-1813.945974939717,0
4,-2185.0400453996263,0
6,-2677.1626771640153,0
9,-2654.204212188655,0
2,-3414.6156445491783,0
5,-1767.9366504487655,0
9,-2158.2400237230336,0
2,-2321.63735324878,0
2,-1895.9957805860222,0
10,-1164.3023662262308,0
10,-3198.5621769788995,0
11,100.28078842137579,0
6,-1943.2961688841976,0
3,-3400.5293705539434,0
1,-3434.87991056456,0
2,-4736.285464369731,0
11,-3773.2214353255226,0
0,-4532.946061889553,0
7,0.0,0
9,0.0,0
2,-2316.203790688548,0
9,-4469.004363390128,0
3,-1513.4067529914091,0
1,-3433.5986952467233,0
8,-3177.1056010148604,0
8,-3683.8023834076657,0
4,-3130.047922955813,0
3,-2090.83715291268,0
4,-3364.461323897185,0
6,-5788.644055389828,0
8,-2647.413832403238,0
7,-3324.4548425268163,0
10,-1187.9393923933999,0
7,-3107.2817702937728,0
3,-2816.0965892525774,0
9,-4554.075098195022,0
8,0.0,0
7,-2822.4103174414595,0
1,-2645.4489222058323,0
10,-3781.375411143411,0
6,-3354.5789601677284,0
7,-3342.5140239047614,0
6,-2695.6260868302934,0
6,-2198.999772623908,0
8,-3542.4850034968395,0
2,-4247.257938953084,0
8,-3772.7973706521793,0
7,-3171.1827446553752,0
8,-2873.534409050986,0
4,-3558.426618605476,0
2,-3354.3404716873924,0
1,0.0,0
2,-3013.7020423392887,0
8,-2423.3035303073366,0
1,-3768.341810398839,0
7,-1605.1168181786645,0
3,-4202.903758117714,0
11,-3290.4103087608996,0
0,-2472.5695136840945,0
0,-3326.800264518446,0
3,-2306.599228301267,0
6,-2395.746230300697,0
6,-2466.4954895559813,0
0,-2070.8452380610192,0
7,-3314.5738790981864,0
9,-3212.1021154378013,0
10,-2709.9815497526915,0
6,-3227.4448097527556,0
8,-2854.3300439858035,0
1,-3205.6200648236527,0
2,-3218.4468303826307,0
0,-3237.900554371613,0
0,-3297.2715993681804,0
4,-3042.893359945432,0
4,-3015.4270012719594,0
5,-4282.849518719984,0
0,0.0,0
7,-2464.6297896438728,0
11,-2507.747993718667,0
11,-2628.6118009321954,0
7,-3718.3329598087366,0
6,-3814.2889245572364,0
5,-3509.1879402505647,0
9,-4285.137103990956,0
3,-2736.7864366808017,0
9,-3155.8833945505653,0
0,-3580.0558654859005,0
8,-2159.0738755308953,0
7,-3027.209936558745,0
0,-3222.2973171326075,0
0,-3472.6934791311487,0
8,-3220.434753259255,0
7,-3465.7178188652347,0
3,-3637.6365953734303,0
11,-2924.9957264926047,0
7,-2654.882294942659,0
10,-3509.1309465450277,0
9,-3865.1778743028117,0
6,-3656.5557564462215,0
0,-1759.7727125967149,0
8,-3477.2402850536514,0
7,-2442.130217658346,0
1,-2571.536505671269,0
11,-3498.4568026488478,0
1,-4322.499277038691,0
6,-3469.2362271831535,0
0,-3070.960761716112,0
9,-3330.4053807307,0
10,-2727.1230261944543,0
0,-3085.8386218336177,0
9,-3371.290554075694,0
8,-3641.428291206625,0
7,-3365.352878971238,0
8,-3286.8830219525607,0
3,-5974.077334618292,0
5,-2054.555913086816,0
0,-3939.7969490825285,0
3,-4653.815638806505,0
4,-2834.2194692719195,0
2,-1857.525235360209,0
6,-2502.079135439165,0
11,-2823.756363427978,0
9,-2640.454506330302,0
3,-2376.7204294994394,0
8,-3671.185094761636,0
9,-3453.635765392755,0
10,-3360.5356715857074,0
5,-5118.632629912016,0
6,-2654.882294942659,0
3,-3604.996532591953,0
11,-4450.752745322975,0
2,-2955.7401780264786,0
1,-4022.934252507739,0
7,-4574.800542100169,0
2,-2594.9951830398454,0
8,-3256.869662728308,0
10,-4325.829400242224,0
1,-3528.909179902481,0
10,-3733.202378655623,0
7,-3153.2205758557393,0
10,-2896.135355952825,0
0,103.309529880285,0
8,-2821.843369147196,0
8,-3411.2167917035117,0
8,-3414.0298768464227,0
4,-4007.6926029824194,0
5,-4692.206304074875,0
9,-3112.6194756185664,0
1,-3550.436592871361,0
11,-2839.8591514369164,0
0,-2934.8935244740996,0
4,-3707.829553795589,0
5,-2397.16499223562,0
8,-2767.67050061961,0
9,-5073.696877031579,0
2,-4958.265825870977,0
7,-3443.0800164968578,0
2,-3686.841466621531,0
6,-3469.3515244206665,0
11,-2463.980519403512,0
3,53.067033471578924,0
2,-2296.6932751240424,0
8,-3477.5853691893744,0
3,-3147.824645687876,0
4,-2151.8364250100426,0
11,-3154.742461755,0
6,-1954.1750177504573,0
5,-3762.4460129017134,0
11,-3515.053342411748,0
9,-3234.996136010057,0
6,-3291.2611564565946,0
3,-3811.2989911577392,0
9,-4758.949463904823,0
6,-3385.2621759621516,0
1,-5179.343587753182,0
5,0.0,0
8,-2331.437324913539,0
6,-2863.075269705636,0
0,-2913.279938488576,0
9,-3787.0304989529723,0
5,-3007.5238984919138,0
4,-2502.8783430282824,0
0,-3405.0550656340347,0
1,-4089.4498407487526,0
0,-3195.121280953197,0
9,-4761.302342846965,0
7,-3812.1909710821146,0
6,-2234.4574285494905,0
10,-2369.2192806914263,0
9,-2742.699400225989,0
5,-2354.994692138392,0
2,-1238.0630032433728,0
1,-3374.551822094306,0
8,-3977.83860909414,0
6,-3841.8224841863785,0
6,-4249.564683588191,0
0,-3473.8451318387815,0
3,-3337.6039309660455,0
9,-3797.578175627198,0
7,-3352.610922848042,0
0,-4051.863768687195,0
1,-3154.9326458737596,0
1,-3757.7652933625322,0
6,-3352.2529737476552,0
0,0.0,0
2,-2901.3100489261747,0
6,-3374.9074061372407,0
3,0.0,0
7,-3733.1488049634454,0
10,-4022.0392837464924,0
9,-2454.7912334860575,0
5,-2453.5688292770596,0
3,-2416.4436678722723,0
2,-2532.1137415211033,0
2,-3475.2266113161604,0
7,-3606.549597607109,0
10,-2713.8901967470974,0
5,-2957.9722784367,0
2,-3351.1788970450384,0
2,0.0,0
11,-4003.898100601463,0
3,-2102.474732309523,0
0,-2499.679979517378,0
1,-2597.383298629604,0
6,-3268.149323393899,0
11,0.0,0
4,0.0,0
3,0.0,0
4,-3433.3656956403584,0
0,0.0,0
1,0.0,0
5,-2943.1955422635447,0
11,-3183.331588132157,0
9,0.0,0
11,-3171.9394697881607,0
1,-3674.0168753014727,0
7,0.0,0
5,-2979.731531530987,0
10,-3499.1427521608775,0
2,-3432.608337693073,0
9,-3285.1179583083467,0
2,-3431.3262741977774,0
2,-3389.4542333538,0
3,-3147.379862679432,0
8,-1591.225942473287,0
11,-3333.4066658600177,0
6,-2474.590875276154,0
6,-2474.3483990739865,0
5,-3684.833781868593,0
4,-2813.5386970859317,0
9,-1951.204756041764,0
11,-3827.270567911289,0
11,-4196.951274437196,0
8,0.0,0
0,-2901.3100489261747,0
3,-4533.696063919591,0
1,-3106.702431839908,0
2,-3655.1880936553735,0
11,-3949.43033866911,0
10,0.0,0
9,-3807.4663491618676,0
1,-2248.9997776789573,0
9,-4120.970759420649,0
8,-4135.891681366909,0
8,-4150.614412349092,0
2,-4579.694312942732,0
5,-3290.531871901562,0
5,-2814.6758250285234,0
7,-2808.9143810376277,0
10,-2476.8528418135784,0
10,-2334.609175001246,0
2,-3476.665068711681,0
2,-3770.3580731808484,0
10,-2237.6773672716986,0
9,-3238.5799357125647,0
11,-3119.358908493859,0
11,-3354.936661101071,0
6,-2557.7333715616255,0
2,-2400.4166305039635,0
3,-4696.764844017635,0
8,-1899.2630149613296,0
2,-3716.073196265111,0
0,-4289.708614812899,0
5,-3008.122337937738,0
11,-3791.6750915657312,0
1,-1651.9079877523445,0
2,-3342.9926712453316,0
10,-4500.755492136848,0
7,-2891.435629579189,0
10,-1653.2392446346053,0
5,-2022.4737328331362,0
8,-3109.0834662324523,0
10,-3150.9363687640534,0
11,-2841.5488734139344,0
6,-4548.49425634462,0
8,-2259.6459899727656,0
5,-3541.807448182354,0
0,-2025.7344347174435,0
4,-2454.546801346432,0
9,-4403.9073559737835,0
9,-4381.826103350064,0
10,-4758.024800271643,0
2,-2570.9920264364882,0
9,-4008.8901207192,0
7,-3316.02171283603,0
5,-3221.552420805845,0
11,-2742.3347716863454,0
11,-2998.7997599039522,0
3,-2223.9604313026794,0
7,-3115.57378343059,0
6,-3433.1909355583475,0
3,-2248.3771925546657,0
2,-3182.8289303699626,0
2,-2556.7166444485006,0
6,-3801.789052538292,0
8,0.0,0
6,-3222.0490374915153,0
8,-3509.529883047016,0
7,-2455.198566307825,0
7,-3683.8023834076657,0
9,-3353.9230760409514,0
5,-3051.098162957069,0
2,-1889.7618897628345,0
9,-3771.7370003752912,0
5,-2380.4201309852847,0
0,-4491.503089167367,0
6,-2369.81011897578,0
7,0.0,0
8,-3515.9635948058394,0
5,-2754.051560882621,0
11,-3512.2642269624303,0
8,-2614.57453517776,0
7,-2852.5076687013484,0
9,-3608.9333604265953,0
11,-3272.3691723275965,0
3,-1723.6008818749197,0
4,-2373.3520598512137,0
9,-2855.871145552614,0
11,-3576.25502446344,0
10,-2629.524671875128,0
5,-1237.5782803523985,0
11,-2948.1519635188415,0
9,-3995.6476321117207,0
1,-4081.8623200691127,0
8,-4770.28301047223,0
3,-3763.615283208421,0
7,-3853.517873320429,0
7,-3412.975241633024,0
7,0.0,0
4,0.0,0
5,-3202.8737096551276,0
2,-2570.9920264364882,0
5,-3571.6102810917096,0
9,-3394.1714747490296,0
1,-3401.9994121104723,0
7,-2179.632996630396,0
4,-3090.631003533097,0
5,-2447.937907709262,0
10,-2062.716655287391,0
7,-2559.6093451931292,0
5,-3166.512276938146,0
5,-2775.968299530814,0
5,-2212.8714377477963,0
0,-2495.836533108689,0
6,-2134.3851573696816,0
1,-2246.686448973243,0
1,-2959.053902854762,0
11,-2708.3574357901875,0
10,-2477.660186546977,0
6,-3570.434147271169,0
2,-2377.0570039441627,0
6,-1643.6544649043483,0
3,-4023.8290222125493,0
2,-2945.2334372677487,0
0,-1950.0769215597625,0
5,-2638.560213449752,0
6,-5775.742376526156,0
3,-3838.0203230311326,0
10,-5404.923681237322,0
11,-2164.6246787838304,0
0,-2919.794513317675,0
2,-2886.451108194975,0
10,-2737.2979377480997,0
11,-3318.8552243205786,0
3,-3876.6480366419646,0
10,-2877.0123392158052,0
6,-2626.6328255011204,0
5,-4333.774336533917,0
9,-3699.783777465921,0
2,-3301.7571079653935,0
0,0.0,0
2,-3292.1725349683607,0
6,-3587.6454674340384,0
10,-3364.996285287697,0
11,-4450.528058556647,0
0,-3644.9417004939874,0
8,-4004.5474151269577,0
5,-4089.498746790369,0
6,-3402.7048064738146,0
4,-3542.880184256871,0
1,-3663.1134298571756,0
3,-2072.389924700465,0
5,-2966.1422757514515,0
10,-4388.5305057615815,0
0,-4315.970342808208,0
5,-5224.9019129549215,0
0,-4376.391207376233,0
5,-4088.667264525202,0
4,-3364.0451840009523,0
11,-2740.9487408559835,0
1,-1980.4039991880445,0
0,-2716.8363955159316,0
9,0.0,0
9,-3399.411713811671,0
9,-4167.589231198295,0
7,-4314.116363752837,0
9,-3622.7061708065694,0
8,-2372.003372678884,0
5,-3135.0279105615627,0
8,-3572.394155185007,0
2,-3454.4464100634127,0
7,-2675.144855890985,0
1,-3373.188402683728,0
2,-3617.402382926179,0
6,-3492.5062634160013,0
6,-2760.2898398537786,0
2,-1490.3690818049065,0
8,-2700.8887426178812,0
11,-3418.1866537683395,0
7,-3403.7626239207693,0
4,-3334.246541574273,0
11,-2475.5605425842446,0
5,-3094.123462307217,0
6,-2166.194820416668,0
1,-2926.3629303283624,0
7,-3815.4423072561326,0
7,-2730.42121292668,0
1,-2957.9046637780602,0
6,-4243.630521145779,0
7,-3504.054794092124,0
3,-3937.2071319655006,0
0,-4376.162702642579,0
2,-3289.4376419078076,0
10,-1891.5602025840997,0
0,-3680.489097932502,0
6,-4442.431766499065,0
7,-2003.996007980056,0
8,-4032.0714279387457,0
6,-2859.510447611619,0
6,-4097.853096439647,0
0,-2392.153841206706,0
9,-3301.938824387878,0
11,0.0,0
1,-2304.604087473595,0
4,-1642.4372134118246,0
5,0.0,0
9,-4245.562389130561,0
5,-1747.5697410976193,0
7,-2542.6757559704697,0
6,-3184.839085417033,0
7,-3107.98970397265,0
4,-2006.0907257649142,0
0,-1960.2040710089345,0
11,-4421.492960528151,0
7,-3020.860804472791,0
8,-1630.950643030009,0
4,-3496.112126348353,0
2,-3044.6017802004912,0
6,-2452.835094334717,0
3,-4358.256532146771,0
0,-4009.4887454636905,0
0,-3465.6024007378574,0
10,-3499.5428272847303,0
4,-3079.2856314411624,0
7,-3942.4865250245307,0
1,-3265.210559826119,0
4,-2920.4794126992233,0
9,-3210.981158462316,0
6,-3757.5523948442824,0
8,-2943.2634948301857,0
5,-3252.4452339739714,0
7,-3137.5786842723164,0
2,-1769.7457444503152,0
8,-2292.771248947439,0
6,-2414.3736247731003,0
5,-3321.3852531737416,0
4,-2277.2790781983663,0
3,-2548.803640926464,0
5,-3531.628519535994,0
0,-2953.1000660323043,0
7,-1934.7351239898446,0
7,-2785.175039382624,0
6,-3341.7360757546367,0
1,-2946.11608732582,0
7,-3193.3681278549766,0
11,-3422.57213218363,0
2,-1917.1854370404549,0
10,-4040.0990086877823,0
1,-2900.0689646972187,0
7,-1803.7738217415176,0
11,-2745.0318759533557,0
5,-3185.7809089766356,0
7,-2382.351779229927,0
8,-3703.6198509026276,0
0,-4340.967634065013,0
10,-3172.6960144331506,0
7,-3923.926604818189,0
7,-3763.562142438995,0
5,-4670.460362747981,0
3,-3141.3372948475303,0
11,-3120.384591680968,0
11,-3377.6915193664445,0
6,-4603.390055165866,0
4,-3243.0232808291707,0
3,-4386.798376948728,0
5,-3282.499047981583,0
3,-2631.2734559524597,0
2,-3356.54584357193,0
10,-3226.515147957623,0
1,-3232.95530436163,0
6,-2244.3707358633956,0
7,-1912.066944434739,0
2,-3318.6744341679555,0
2,-1798.332561013118,0
9,-2587.6630383417387,0
6,-5134.4327826937215,0
10,-3062.5479588081553,0
8,-5577.5980493398765,0
1,-4188.985557387373,0
5,-6077.269123545542,0
3,-3918.418048141367,0
10,-3189.670829411712,0
6,-3647.9583330953765,0
5,-3060.1307161623017,0
5,-2936.188004879796,0
11,-2147.091055358389,0
6,-2985.3642993778835,0
6,-3157.5940207696112,0
7,-3545.8144339488495,0
6,-3004.3967780571193,0
6,-3052.2123124055443,0
10,0.0,0
9,-1410.3900169811186,0
6,-4238.3959229878465,0
1,-2662.329806766998,0
6,-1628.0049139974976,0
5,-1796.2182495454163,0
0,-2476.449070746257,0
6,-3234.1923257592457,0
3,0.0,0
3,0.0,0
11,-2851.876575169409,0
3,-3466.467943022119,0
10,-3513.915195334116,0
2,-1558.589105569521,0
1,-3494.0520889076624,0
3,-3449.1158287306034,0
2,-3044.076214551797,0
11,-2711.2358805533686,0
6,-2467.2251619987987,0
9,-3614.0835629520243,0
7,-5690.448137009949,0
1,-4323.424568556737,0
3,-4714.445884724948,0
9,-3868.7982630269057,0
10,-3988.232691305762,0
4,-3491.8190102008434,0
2,-3742.298758784499,0
5,-2497.1984302413775,0
4,-2881.8743900454783,0
0,-3244.3797558239075,0
2,-3368.857373056924,0
0,-3141.7829333039545,0
9,-3411.861661908349,0
10,-4168.548908193354,0
1,-4329.849881924314,0
10,-3487.1765082943534,0
5,-4227.008398382951,0
1,-5371.443009099138,0
0,-4975.178388761553,0
0,-2291.7242417009948,0
7,-4430.3498733170045,0
5,-3790.7255242235624,0
7,-3757.3394842627677,0
4,-3447.955916191505,0
8,-3859.015418471401,0
3,-2016.9283576765934,0
9,-2851.9467035693356,0
2,-2257.9636843846715,0
3,-3361.011752434079,0
1,-3397.4696466635282,0
6,-2851.1050489240133,0
9,-4274.342054632502,0
10,-2391.73577135937,0
2,-2675.593392128184,0
3,-2850.754286149545,0
11,-3345.504446268156,0
2,-2386.629422428208,0
8,-2437.9499584692053,0
6,-4766.466196250635,0
10,-3620.718160807328,0
10,-3556.9649984221096,0
9,-1695.7594168985177,0
3,-3562.920150662936,0
8,-3206.119149376704,0
4,-5203.614128660964,0
6,-4132.360100475272,0
2,-1326.1975720080322,0
5,-3201.8119869848697,0
3,-2713.3742830652764,0
6,-4185.403206382869,0
11,-3875.8740949623225,0
9,-3537.79592401823,0
7,-4949.787874242694,0
8,-3095.4159655852395,0
0,-3433.016166580053,0
10,-3622.043622045433,0
11,-5198.692143222178,0
10,-1976.3602910400723,0
1,75.35416957391391,0
3,-3343.1721463304875,0
5,-4175.595765875811,0
1,-3358.928400546817,0
11,-3189.2945928527834,0
7,0.0,0
1,-3394.3482437722855,0
11,-2323.962133942806,0
2,-2527.053620325457,0
6,-3045.91529757477,0
10,0.0,0
4,-2903.9972451777567,0
1,-2707.988183135222,0
5,-2438.1960544632175,0
11,-2912.112635184292,0
6,-3799.63156108589,0
9,-3167.6489704511137,0
4,-3614.4709156389677,0
1,-2576.9749707748424,0
3,-2446.5485893396844,0
9,-3804.103048025908,0
11,-2391.0667075596198,0
2,-2929.1637031753617,0
10,-4496.620953560574,0
8,-1203.4949106664308,0
7,-2476.529830226157,0
6,-2567.9563859224713,0
8,-1903.5755829490984,0
3,-5724.473774942113,0
4,-3017.94632159023,0
2,-3157.277308061489,0
11,-2588.12673569128,0
7,-4867.853736504416,0
7,-4866.25112381184,0
1,-2818.865019826242,0
7,-2660.0,0
6,0.0,0
9,-3127.3631065164145,0
7,-1627.3905493150685,0
0,-1199.333148045196,0
8,-4246.7870207958385,0
4,-2196.4516839666653,0
6,-2650.962089506374,0
5,-2215.9422375143267,0
11,-1895.4682798717577,0
1,-2805.28073461463,0
4,-2354.994692138392,0
4,0.0,0
6,-2513.483638299641,0
0,-3145.8544149403992,0
7,-2595.8428303732103,0
11,-2033.814150801395,0
3,-2349.638270032219,0
7,-2373.2677893571135,0
6,-1463.557310118056,0
0,-2359.1523901605,0
6,-2999.266577015121,0
8,0.0,0
0,-1724.4129435839898,0
4,-2076.24661348309,0
10,-2006.6888149386791,0
1,-3539.7740040855715,0
10,-2720.2941017470885,0
1,-2818.0134847086874,0
0,-3460.7513635047517,0
4,0.0,0
10,0.0,0
8,-2540.787279565135,0
8,-2209.6153511414605,0
1,-3097.1599894096526,0
1,-4223.5530066521005,0
0,-4349.206824238185,0
9,-4228.001892147164,0
4,-4203.855373344806,0
5,-4801.916284151568,0
6,-3404.702630186666,0
2,-2865.3097563788806,0
1,-2405.9925186916107,0
10,-2635.8300400443118,0
3,-3888.1358000975224,0
4,-4015.420276882608,0
4,-3697.8912909927467,0
11,-2582.7891900037057,0
8,0.0,0
8,-3221.7386610338212,0
10,-3736.7900663537416,0
3,-4011.7327926969415,0
11,-4185.68990729127,0
7,-2800.9998214923185,0
7,-3134.5175067305017,0
4,-4224.215903573112,0
3,-2661.503334583671,0
5,0.0,0
1,89.43598428109311,0
1,-2338.9741341023846,0
11,-3649.1094804075146,0
8,-1981.5145722401337,0
10,-3184.462277999223,0
5,-4260.798047314611,0
3,-4315.784980742205,0
1,-3360.8332300190086,0
9,0.0,0
6,0.0,0
7,-3259.570523857399,0
10,-3944.9207850095036,0
9,-3256.3169378916423,0
11,-3160.949224521014,0
2,-4174.685616905781,0
2,-3324.6954747766,0
7,-2817.5166370404986,0
